stock, NN1040
savez, NN1278
hats, NNS294
vermin, NN175
muskperfumed, VBN26
crumpled, JJ54
yellow, JJ3
sleek, JJ297
four, CD4
catch, VBP74
sleep, VB112
verses, NNS181
saved, VBD44
skeleton, NN829
whose, WP$1
feeding, NN774
prelates, NNS243
paris, NN388
scutter, NN99
crozier, JJR12
fingernails, JJ141
edward, JJ375
voted, VBD211
under, IN10
lord, VB66
pride, NN909
bluesilver, RB148
merchant, NN1038
courteous, JJ401
shielding, VBG55
void, NN641
rise, VB96
pierce, VB114
knelt, VBN5
shoot, VBD258
toppling, VBG142
every, DT11
soiled, VBN94
bringing, VBG121
vast, JJ319
pilgrim, NN894
tickets, NNS369
school, NN327
sunk, NN762
satchel, NN728
gaelic, JJ203
burke, JJ553
barracks, NNS8
triumph, NN618
clothes, NNS163
enjoy, VB58
deasy, NN819
omphalos, MD10
quilt, NN244
tired, VBN55
awake, VB139
horn, NN697
preacher, NN33
surrounding, VBG3
second, JJ342
street, NN1035
279, CD10
scraped, VBD100
planters, NNS245
machines, NNS228
shining, VBG79
even, RB14
spearspikes, NNS276
errors, NNS300
christ, NN636
panama, NN570
fingers, NNS29
unwholesome, JJ493
above, IN38
sideways, VBZ4
new, JJ55
marching, VBG190
hellenise, NN192
grike, NN1441
told, VBD61
niche, NN702
kicked, VBD131
hero, NN95
gentiles, NNS219
shattered, VBD174
undressing, JJ292
men, NNS22
averroes, NNS206
here, RB15
met, VBD140
slackened, VBD244
china, NN146
hers, NNS104
path, NN604
patk, NN1115
mummery, NN842
stresses, NNS60
prostrate, NN825
buckled, VBD189
heva, NN1125
dominie, NN1099
study, NN869
changed, VBN47
pinning, VBG172
buckler, NN1127
smoke, NN1390
loincloth, JJ286
surely, RB112
i'm, NN219
glittering, NN170
fubsy, NN1234
mail, NN745
slices, NNS90
motley, NN972
explained, VBN56
scoffer, NN786
brought, VBD67
patience, NN1044
drowned, VBN65
treading, VBG214
spoke, VBD72
would, MD11
army, NN681
wintertime, NN530
coins, NNS218
arms, NNS7
music, NN39
calm, JJ22
mystic, JJ438
strike, VB61
bundled, VBD187
tell, VB10
calf, NN203
boomed, VBD83
preparation, NN1008
holy, JJ264
brings, NNS335
trousers, NNS28
aware, JJ305
glass, NN296
warm, NN323
menaced, VBD160
elsinore, NN551
breaths, NNS175
hurl, VBP76
hole, NN584
hold, VB17
striving, VBG122
must, MD2
me, PRP7
shepherds, NNS180
word, NN377
room, NN177
iubilantium, NN315
shame, NN851
work, VB36
plunged, VBD135
roof, NN261
tecum, VBP65
locker, NN364
tissue, NN730
holdfast, NN500
sweeter, JJ469
mr, NN818
elbow, NN130
my, PRP$4
example, NN601
shook, VBD77
sinking, VBG192
squirting, VBG100
serpent, NN455
give, VB28
flung, VBD92
honey, NN379
want, VBP14
goff, NN1171
keep, VB111
crimes, NNS392
calve, NN1210
end, NN174
thing, NN237
agony, NN307
sitting, VBG85
how, WRB1
hot, JJ125
low, JJ417
answer, VB119
palaces, NNS214
birdsweet, NN587
actuality, NN765
beach, NN1111
taverns, VBZ96
eyeballs, NNS343
lal, VBZ56
fever, NN256
crowding, VBG150
beauty, NN901
less, JJR14
ladder, NN521
after, IN21
basiliskeyed, VBN120
lump, NN903
wrong, JJ116
jumping, VBG87
poked, VBD232
lay, NN7
curiosity, NN534
coloured, VBN114
lap, VBZ80
royce, NN287
mouths, NNS381
strapping, NN887
splendid, NN933
third, JJ209
sets, VBZ53
hasty, JJ361
amid, IN39
ragging, VBG45
childhood, NN857
leaped, VBN113
greek, JJ33
lightship, NN1425
green, JJ79
south, JJ520
goodbye, NN579
keeps, VBZ18
descende, NN1209
order, NN870
wind, NN223
wine, NN339
belluomo, NN1339
interpretation, NN564
office, NN1304
over, IN14
missionary, JJ515
expects, VBZ36
fromage, NN1362
oarweeds, NNS416
crumbs, NNS170
keyboard, NN952
shears, NNS44
nets, NNS357
before, IN34
fads, NNS85
conned, VBD185
midden, NN1254
fit, VBP10
somewhere, RB101
edith, CC8
striking, VBG152
clanged, VBD157
better, RBR2
imp, NN1225
invisibility, NN292
wales, NNS240
weeks, NNS238
gents, NNS10
confidently, RB85
belly, RB156
then, RB8
them, PRP9
poised, VBN99
basta, NN1104
thee, NN1423
we'll, NNS76
break, VB40
bang, NN1309
heaven, NN794
they, PRP12
madeline, VB145
one, CD1
silver, JJ121
clotted, JJ451
bread, VBP21
moneyed, JJ109
stinking, VBG41
cowries, NNS223
rocky, JJ381
brightness, NN779
quadrangle, NN209
arrested, VBD256
chuck, NN257
ghoststory, NN759
rocks, NNS415
coupler, NN1133
good, JJ146
leaned, VBD15
each, DT13
o'connell, NN923
went, VBD33
sandycove, NN389
side, NN602
bone, NN582
mean, VB52
calmly, RB110
financial, JJ362
chippendale, JJ464
innocent, JJ308
joined, JJ293
taught, VBD267
crick, NN1098
awry, VBP41
navy, JJ303
classmates, NNS172
collector, NN421
sounds, VBZ64
lugged, VBD233
buttercups, VBD78
silvered, JJ565
jackets, NNS271
drove, VBD264
islanders, NNS102
relict, NN1114
god, NN82
sovereigns, NNS75
fellows, VBP29
strangers, NNS302
laid, VBD39
motes, NNS45
medicine, NN680
got, VBD163
ro, JJ324
sluggish, NN147
gelded, VBN123
fustian, JJ537
gate, NN1067
grease, NN363
turning, VBG78
dicers, NNS269
written, VBN86
underfoot, VBP52
little, JJ17
free, JJ241
mourning, VBG120
doctrine, NN991
struggle, NN741
seventeenth, NN1301
amiably, RB99
fatherfurious, JJ476
wanted, VBD86
howsomever, VBZ63
liberties, NNS318
ate, VBD111
equine, VB2
marched, VBN132
grasses, NNS125
moment, NN41
tolerant, JJ68
lousy, JJ216
dugs, NNS105
roaring, VBG223
signature, NN815
loud, JJ81
speeds, NNS262
droned, VBN41
rang, NN980
already, RB144
features, NNS100
l'existence, NN1285
chased, VBN14
hearing, VBG181
wash, NN481
wellshaped, VBD143
another, DT10
drones, VBZ72
thick, JJ175
tangle, NN1366
hoof, NN502
ghostcandle, NN306
mercury, NN586
agriculture, NN1003
ten, JJ176
koehler, NN916
top, NN26
underlip, JJ86
airs, NNS324
master, NN608
too, RB22
tom, JJ242
percentage, NN1011
legs, NNS16
bitter, JJ132
rummaged, VBD136
listen, VBZ73
chanted, VBD146
nooses, NNS229
haines, NNS21
solemnly, RB5
agenbite, NN492
happily, RB103
frowned, VBN3
took, VBD117
wisdom, NN906
somewhat, RB84
helen, VBN110
aproned, VBD71
kept, VBD261
lunged, VBD110
lather, NN4
begins, VBZ66
guardedly, RB107
swaddling, VBG160
anxiety, NN224
frankly, RB25
palps, NN159
bloated, JJ568
bitterness, NN182
seated, VBD213
injected, VBN19
matter, VB50
idle, JJ273
exclaimed, VBD80
flame, NN717
friend, NN1276
iron, NN522
wisps, NN864
mirth, NN293
threadbare, NN142
feeling, VBG82
bridge, NN737
mitres, NNS150
halliday, NN868
groaning, VBG31
handkerchief, NN107
rattle, NN803
ral, JJ380
mind, NN724
mine, JJ255
elevating, VBG206
sconce, NN1078
headland, NN255
manner, NN87
physiques, NNS364
shrugging, VBG179
hannigan, NN1330
seen, VBN106
seem, VB47
dringadring, VBG209
thoughtful, JJ376
horde, NN631
genuine, JJ15
scrotumtightening, VBG21
alibi, NN1298
bawls, NN970
uncouth, NN1043
chest, NN675
doors, NNS83
laughed, VBN10
cleft, VB32
blue, IN41
shall, MD9
mother, NN113
dial, JJ561
victoria, NN1375
affirmation, NN628
mouth, NN416
letter, NN945
including, VBG212
coin, NN475
conquistadores, NNS383
skivvy, NN176
grave, NN453
glow, NN358
repulse, VBP58
whinge, VB51
lycidas, JJR6
cattletraders, NNS307
medical, JJ197
m, NN1063
dog, JJ514
points, NNS13
aunt, NN74
leahy, NN1105
deeply, RB154
breathed, VBD241
shadowed, VBD29
sunbeam, NN1033
briskly, JJ24
came, VBD1
saying, VBG89
pardoned, VBD219
medley, NN983
pope, NN627
opinions, NNS278
visitor, NN229
chewer, NN320
queen, JJ259
brogues, VBZ54
deftly, RB127
prix, NN961
ever, RB104
stepping, VBG161
queer, NN1365
dogsbody, NN150
enjoyed, VBN131
seafire, NN1253
schluss, NN1290
witnesses, NNS370
faure, NN1382
northeast, RB167
soldier, JJR15
sleeps, VBZ97
bedpal, JJ462
rabble, NN1198
headline, NN814
tacking, NN563
folded, VBD62
sugar, NN301
spits, NNS112
touched, VBD192
rich, JJ186
gods, NNS321
lodge, NN930
belching, VBG216
hoard, NN895
wearing, VBG158
do, VB3
measureful, NN426
di, NN1082
tramped, VBD93
de, FW2
stop, NN967
blinking, VBG95
pocket, NN101
millevoye, NN1380
supplies, NNS280
tribute, NN787
shaking, VBG6
beads, NNS67
bar, NN1268
behung, NN934
spilling, VBG136
nicely, RB17
sassenach, NN259
bay, IN19
featherfans, NNS65
bag, NN392
softly, RB58
lookingglass, NN184
blandly, RB89
rectas, NNS250
gaud, NN283
flagged, JJ156
ghoul, NN319
farther, NN129
dalcassians, NNS390
traverse, JJ339
swept, VBD64
fortyfoot, NN583
poolbeg, NN1438
european, JJ396
cattle, NNS106
fail, VB97
bowsy, NN156
resigned, VBD139
skulls, NNS377
best, JJS2
subject, JJ171
pebbles, NNS352
said, VBD21
temptation, NN178
lots, NNS363
away, RB50
sail, NN562
gentleman, NN84
shaved, VBD42
continually, RB133
grandmother, NN797
chiding, VBG115
mug, VBP66
finger, NN60
shaggy, NN950
wise, NN1072
shields, NNS154
we, PRP6
never, RB125
listlessly, RB98
nature, NN294
wo, MD12
weak, JJ331
however, RB28
weary, VBP53
hyperborean, JJ66
conflagration, NN998
gentry, NN1193
news, NN199
motto, NN940
kitchen, NN297
faced, VBD10
parried, VBN13
dedalus, NN22
cow, NN431
disdain, NN658
vision, NN1037
country, NN444
bray, JJ118
conclusions, NNS322
pitt, VBP30
against, IN20
winglike, NN585
pith, NN1336
merging, VBG65
fluttering, VBG125
pate, NN673
nuzzling, VBG170
asked, VBD51
khrrrrklak, VBP70
pre, NN1287
ethel, JJ309
tone, NN34
spear, JJ301
elfin, NN962
character, NN512
vain, JJ409
excess, JJ298
frogwise, VB107
omophorion, NN1142
covenant, NN935
lowly, RB82
munched, VBN40
trust, VB38
speak, VBP24
acatalectic, JJ431
stowing, VBG165
asks, VBZ16
union, NN927
futility, NN820
fro, VB64
three, CD6
been, VBN34
quickly, RB59
beer, NN338
much, RB36
chucked, VBD167
tassels, NNS393
fry, NN373
lovely, RB38
thrice, JJ8
threw, VBD172
life, NN633
deeper, JJR5
attacked, VBD59
twinkled, VBD150
deathspew, NN987
sunshine, NN341
shattering, VBG220
joust, NN984
substance, NN1135
englishman's, NN910
personally, RB109
sundered, VBD238
teapot, NN374
battling, NN982
thalatta, NN117
save, NN559
occam, NN1224
misbirth, NN1117
say, VBP16
air, NN10
ugly, RB130
evening, NN208
suppose, VBP19
cracked, JJ98
voice, NN69
smoky, NN872
della, NN1246
remembering, VBG225
seven, CD8
climbed, VBD271
beetles, VBZ39
is, VBZ2
it, PRP4
gloomily, RB35
erect, VBP44
clinging, VBG134
jest, NN61
in, IN7
sells, VBZ59
if, IN16
grown, VBN54
hundredheaded, JJ472
shimmering, VBG66
pawnshop, NN752
coatsleeve, NN134
things, NNS224
make, VB13
atoned, VBN59
beside, IN25
mackernan, RB137
swarthy, JJ314
sheltered, VBN81
big, JJ178
whitened, VBN23
plates, NNS88
cassandra, NN1005
capered, VBD147
tripes, NNS49
squaw, NN1238
clear, JJ549
peaks, NNS128
catholic, NN611
kip, NN328
clove, NN979
rain, NN1240
hand, NN100
delight, NN76
consents, NNS332
fuse, NN1389
jealous, JJ260
rasping, NN415
firmer, NN1260
entombing, VBG228
tune, NN333
butter, NN378
hearth, NN356
furlough, NN1267
thy, JJ172
mother's, JJ124
askance, NN838
humble, JJ418
itself, PRP17
echoed, VBP51
gabble, NN1042
bonne, NN1383
epi, VBZ11
diphthong, JJ484
hearts, NNS187
the, DT1
messieurs, NNS397
yours, CD3
left, VBD60
etiquette, NN158
just, RB92
sentence, NN788
photo, NN668
froggreen, JJ521
sleepy, NN25
slabbed, JJ533
fichue, JJ500
ideas, NNS47
beset, VBD89
alexandria, NNS349
uncombed, JJ120
human, JJ411
goldskinned, VBN107
campbell, NN1207
yes, POS2
chaud, NN1272
yet, RB41
burns, VBZ94
proudest, JJS6
damascened, VBN138
yoke, VB160
ease, NN723
boot, NN1076
had, VBD56
cuffedge, NN143
ma'am, NN402
trampled, VBN88
board, NN821
beloved, VBN2
has, VBZ5
hat, WP4
woful, JJ49
gave, VBD24
egan, NN1270
loveless, NN1406
casually, RB77
bands, NNS211
possible, JJ313
caps, NNS202
descending, VBG61
judge, NN1194
cape, NN221
shadow, NN785
highly, RB159
burnt, NN831
hising, VBG97
shoulder, NN81
melting, VBG86
medicineman, NN451
zeal, NN827
contradict, VB86
cochrane, VBP47
remind, VBP32
steps, NNS292
officer, NN686
night, NN89
hung, NN286
amor, NN852
blades, NNS409
towards, NNS5
pyx, JJ482
right, JJ41
old, JJ23
creek, JJ281
rustling, VBG149
altare, NN13
shelving, VBG191
facebones, NNS399
easy, JJ425
deaf, NN210
somehow, NN550
dead, JJ126
platters, NNS412
born, VBN111
printer, NN1351
usher, JJ513
displeasure, NN600
warring, VBG130
dear, JJ321
bore, VBD148
library, NN479
for, IN11
rutilantium, NN310
purple, JJ360
florence, NN1112
fox, NN796
classical, JJ398
fog, NN1400
loins, NNS113
shakespeare, NN539
beating, VBG57
theological, JJ234
pinched, VBD65
knew, VBD122
jejune, NN77
corn, NN1129
jester, NN746
disappeared, VBD90
deadly, RB174
sins, NNS301
shifting, VBG147
bolt, NN1161
upward, JJ494
tartan, JJ373
whiteheaped, VBD235
post, NN254
wept, NN1152
algy, VBZ9
hard, JJ326
benches, NNS193
eat, VBP37
ades, NNS43
theirs, VB137
ribs, NN197
lathered, JJ35
gorescarred, JJ300
o, JJ14
costs, NNS331
ponton, NN114
shapland, NN1172
blithe, NN566
misleading, JJ461
mccann, FW5
lapin, JJ502
slightly, RB33
malt, NN1179
bannon, NN667
fourpence, NN471
duke, NN956
raised, VBD142
aha, NN1293
sheets, NNS277
presence, NN954
fussily, RB134
macmahon, NN1269
paunch, NN676
visible, JJ421
bound, NN886
dundrum, NN409
son, NN565
down, RP1
fumes, NNS82
finely, RB163
sow, VB118
armada, JJ492
dean, VB148
shoots, NNS123
horsedung, NN448
goutted'or, FW10
brakes, NNS266
sanguineflowered, VBD263
waits, VBZ60
most, RBS1
tennis, NN487
sovereign, NN896
sunlight, NN169
fight, VB140
brightwindbridled, VBD243
stuck, VBN32
quiet, JJ237
way, NN239
wax, NN140
call, NN45
was, VBD4
war, NN529
far, RB121
happy, JJ238
fork, VB8
sagging, VBG137
head, NN24
washed, VBN45
waistcoat, NN533
secondhand, NN153
form, NN355
offer, NN1018
topboots, NNS251
landing, NN228
prepuces, NNS103
gaitered, JJ354
hear, VB57
elderly, JJ284
heap, NN695
sustained, VBN1
nodded, VBD162
mirthless, RB123
rippling, VBG133
invincible, JJ483
heresiarchs, JJ270
bids, VBZ34
apostles, NNS148
rancours, NNS296
lays, VBZ69
wellknit, NN171
palm, NN132
emir, NN891
preached, VBN92
musk, NN282
bred, VBN61
sticks, NNS194
forearm, NN465
toss, NN505
o'rourke, JJ416
disease, NN989
proves, VBZ38
exist, VB71
ship, NN164
gowned, JJ154
mole, NN1435
leer, NN506
dying, VBG25
floor, NN360
when, WRB4
ne, JJ478
handed, VBD171
sidling, VBG154
gobblers, NNS386
flood, NN1437
upanishads, JJ181
stagnant, JJ470
holding, VBG29
papers, NNS308
tie, NN510
vanished, VBD82
murder, NN1299
ribbons, NNS41
roll, NN660
eternity, NN1095
backstairs, NNS287
't, NNP4
's, POS1
garland, NN674
preceding, VBG117
welcome, JJ165
dieu, FW3
fell, VBD97
smelling, VBG83
'm, VBP5
hurt, VB157
died, VBD252
younger, JJR4
longer, RBR1
dogma, NN625
navel, JJ442
vigorously, RB76
ineluctable, JJ420
together, RB54
ineluctably, RB150
steeds, NNS326
remarked, VBD104
rib, NN689
grasshalms, NNS46
cranly, NN193
phlegm, NN1071
gown, JJ27
veterinary, JJ400
discreetly, RB119
chain, NN1070
people, NNS171
eldest, JJS5
horseback, NN943
mild, JJ4
nephew, NN1168
skin, NN160
battle, NN708
chair, NN391
milk, NN381
sanno, NN1085
hurry, VBZ35
mallet, NN1094
flash, VB31
father, NN542
editors, NNS306
answered, VBD26
praised, VBD120
rhythm, NN1101
suffered, VBD46
furrows, VBZ87
brown, JJ73
sockets, NNS411
telegraph, NN1060
broadly, RB102
lithia, JJ463
none, NN1185
gloomy, NN353
stays, VBZ8
locked, JJ136
trouble, NN42
brows, NNS98
pious, JJ377
dim, JJ129
denounced, VBD208
sighed, VBN36
level, NN260
did, VBD75
die, VB41
brother, NN411
leave, VB63
solved, VBD194
q, JJ489
quick, VBP25
scaly, NN781
woven, VBN84
round, NN17
shave, VB9
upper, JJ53
says, VBZ15
heresiarch, NN638
sign, NN964
shirts, NNS70
patient, JJ187
spindle, JJ379
drinks, NNS135
adds, VBZ62
stately, RB1
papa, NN1181
favour, JJ193
current, JJ25
goes, VBZ98
crackling, VBG188
filled, VBN28
checkerwork, NN1073
oinopa, JJ62
honour, NN944
henry, NN1016
plucking, VBG64
french, JJ202
water, NN118
whitemaned, JJ452
contransmagnificandjewbangtantiality, NN1137
burnished, VBN135
witch, NN434
hypostasis, NN1226
hoarse, NN308
along, IN31
rue, NN1405
hoops, NNS356
teacher, NN1058
change, NN623
wait, VB65
buck, NN1
fogey, NN921
porterbottle, NN1255
knockkneed, VBP59
boast, NN914
impatiently, RB56
dusty, NN554
earned, VBN93
dublin, NN111
halfcrowns, NNS226
bow, NN844
trial, NN1019
descended, VBN98
rilling, VBG135
nebeneinander, NN1091
hospitality, NN1020
weird, JJ177
male, JJ544
bog, NN878
lowers, VBZ71
treasure, NN877
love, NN79
humour, VBD79
prefer, VBP67
bloody, JJ43
peer, NN1158
verge, NN653
rosewood, NN141
swallowed, VBD175
bowing, VBG180
dents, NNS394
britisher, NN650
spiffing, VBG33
lair, NN1404
primrose, JJ228
pere, RB169
druidy, NN330
sake, JJ148
licentious, JJ542
angry, JJ355
pints, NNS127
visit, VB82
druids, NNS77
saltwhite, JJ280
abroad, RB47
abbas, NN1197
live, JJ145
wood, NN1201
prey, NN456
wondering, VBG103
memory, NN247
angels, NNS152
today, NN477
cahill, VB69
smeared, VBN134
dismay, JJ328
stogged, VBN127
pillowed, VBD245
club, NN523
altar, NN1217
zarathustra, JJ294
flapping, VBG140
imperturbability, NN1001
shafts, NNS79
riders, NNS261
earth, NN837
fly, VB98
zut, NNP3
julius, NN755
barcelona, NN1364
quoting, VBG176
confessorum, NN312
soul, NN37
believer, NN588
spooncase, NN880
can, MD3
growing, VBG14
making, VBG52
detached, VBD156
laughter, JJR1
elbowed, VBN129
heart, NN136
crazy, NN609
beldam, NN753
allimportant, JJ388
figure, NN365
mirrors, NNS209
sense, NN567
near, IN36
paused, VBD25
heard, VBD88
chin, JJ47
hides, VBZ95
sharp, JJ352
serum, NN1009
pink, NN1273
mahamanvantara, NN1244
rays, NNS81
sedge, NN1439
piled, VBD262
buttered, VBN44
strongroom, NN888
moon's, NN1436
poking, VBG143
twining, VBG63
write, VBP34
till, NN245
nowhere, RB162
vital, JJ402
sword, NN1093
maestro, NN1081
consubstantiality, NN634
gaping, NN249
speaks, VBZ33
pint, NN467
staircase, NN27
strokes, NNS164
slush, NN973
spot, NN495
brazen, NN266
bogswamp, NN446
mad, JJ236
date, NN721
hob, NN302
tablecloth, NN898
newmake, VBP72
data, NNS210
lifting, VBG92
man, NN94
gorges, NNS389
natural, JJ508
neck, NN68
liquid, NN145
maybe, RB80
sixpences, VBZ52
tale, NN555
switch, VB4
hailed, VBD58
so, IN28
glancing, NN419
african, JJ272
offend, VB53
tall, JJ159
hinderparts, NNS323
pulled, VBD98
talk, NN744
drunken, JJ456
jackpriests, NNS344
clongowes, NN351
serving, NN439
turma, NN313
pigeonhouse, NN1261
indeed, RB83
pointed, VBD32
shaky, JJ343
montmartre, NN1403
years, NNS242
brain, NN295
spurning, VBG131
terrace, NN1106
shake, VB59
cold, JJ100
still, RB21
pointer, NN1434
duskward, NN1428
thank, NN463
torn, VBN7
hewed, VBD114
forms, NNS185
wasting, VBG224
window, NN207
saxon, NN83
ours, PRP15
pico, NN1245
swindle, JJ104
tory, NN922
happened, VBD74
nom, FW1
non, JJ529
nought, RB155
halt, VB93
rattled, VBN89
sweetened, VBN74
nation, NN1029
pyrrhus, JJ302
half, JJ93
not, RB26
sorted, VBN91
now, RB48
killed, VB23
nor, CC7
moist, NN1335
shouted, VBN52
name, NN59
rotto, VBN66
servant, JJ99
james, NNS2
possibilities, NNS177
peered, VBD7
heresies, NNS149
rock, NN663
entirely, RB86
creature, NN499
kilkenny, NNS408
clack, NN1312
en, FW8
eh, NN670
bursting, VBG12
scheme, NN997
hurried, VBN100
goose, JJ501
catching, VBG4
farewell, NN577
zebra, NN1414
entering, VBG98
year, NN410
prudently, RB151
et, NN394
girl, JJ137
teams, NNS216
pills, NNS337
carlisle, NN683
giddy, JJ113
living, NN445
shadowing, VBG67
space, NN714
greeks, NN116
thirst, JJ496
hastily, RB29
looking, VBG49
kens, VBZ65
seriously, RB40
stool, NN1440
hacked, VBD108
squares, NNS203
jaunes, NNS395
upstiffed, JJ450
hurray, NN1241
thong, JJ363
cars, NNS57
quite, RB57
quart, NN422
spooning, VBG139
rebel, VBN97
ajar, JJ164
euge, JJ516
cough, NN218
wellpleased, JJ526
card, NN666
care, NN78
language, NN461
handy, JJ365
british, JJ263
wanderers, NNS291
turn, JJ131
apologising, VBG76
place, NN718
swine, JJ106
domed, VBD95
think, VB25
waited, VBN53
first, JJ123
blind, JJ333
cheese, JJ531
hangs, NNS316
fetched, VBD106
fleeing, VBG129
spoken, VBN21
caldron, NN1358
waves, NNS186
yourself, PRP13
shout, NN799
aquinas, NNS126
spanish, JJ538
carry, VB128
impossible, JJ128
ring, NN71
custom, NN1388
open, JJ114
tomorrow, NN1062
squashed, JJ142
city, NN706
given, VBN43
dishonours, NNS297
sheet, NN859
silent, NN277
spurned, VBN24
virgin, NN1231
bite, NN1184
waist, NN1256
eely, RB175
anyone, NN576
diaphane, NN1077
joseph, NN573
fiery, JJ337
begotten, VB147
white, JJ18
bits, NNS372
frame, NN1177
speaking, NN489
gives, VBZ75
hue, NN850
eyes, NNS9
that, WDT2
brains, NNS182
tuneful, JJ467
est, JJS11
alas, NNS249
clutching, VBG203
unnumbered, JJ491
copy, VB123
than, IN26
wide, JJ404
noserag, NN103
depressed, VBN17
astir, IN49
cleanchested, VBD247
were, VBD43
wheysour, NN854
mulligan, NNS3
wandering, VBG101
damned, VBN37
lunches, NNS235
and, CC1
gathering, VBG8
romped, VBD242
angel, NN629
nacheinander, NN1090
ann, NN414
turned, VBD49
lice, NN304
mirandola, NN1247
voices, NNS38
winding, VBG2
mater, NN234
rent, VB87
sulk, VBP18
breakfast, NN325
saw, VBD57
any, DT8
kevin, NNS362
sat, VBD36
opened, VBD182
cigarettes, VBZ89
lumps, NNS89
aside, RB24
shocked, VBD217
snout, NN222
swallowing, VBG184
take, VB100
deux, VBZ85
roadside, NN1045
objective, JJ345
haste, NN900
lodgers, NNS406
blunt, NN220
froeken, JJ543
channel, NN1000
tasselled, VBD87
sure, JJ185
pain, NN135
norman, JJ91
price, NN1017
neatly, RB30
paid, VBN30
sept, NN1397
spangles, NNS313
printed, VBN39
breeks, VBZ12
pair, NN157
pages, NNS94
pencils, NNS191
lawn, NN215
garments, NNS120
trembles, VBZ92
proud, JJ266
mrs, NNS91
ways, NNS298
bade, VBD215
photius, NN632
slaver, NN348
uncle, JJ454
unsteady, JJ201
salt, NN607
filing, NN1174
perch, NN97
walking, VBG119
flyblown, JJ555
shot, VBD165
foaming, NN1204
show, NN104
german, JJ275
imagines, VBZ29
cheap, JJ196
mince, VB134
trod, VBP68
talbot, EX1
trespass, NN990
bright, JJ166
bedside, NN280
corner, NN105
inshore, NN269
paradoxes, NNS129
curled, VBD53
sargent, NN805
slow, JJ16
unkind, JJ256
true, JJ336
dick, NN580
saints, NNS346
behind, IN5
either, CC5
sidepocket, NN594
only, RB51
going, VBG11
black, JJ48
hockey, NN790
stain, NN810
wool, NN1119
shrill, NN50
plump, JJ2
graceless, JJ350
wheezy, NN1154
get, VB7
committed, VBN109
meatfaced, JJ390
begging, VBG26
whiles, NNS169
crude, NN1334
tailor, NN202
bracelets, NNS176
abraded, VBD198
homestead, NN1061
reading, VBG211
artist, NN1146
leather, JJR8
imbecile, NN1144
morning, NN9
naked, VBD234
skyline, JJ77
priest, NN700
ruddy, JJ437
dough, IN48
where, WRB2
silently, RB42
clerkenwell, NN1398
seas, NNS131
signs, NNS289
famine, NN924
seal, NN705
wonder, NN1153
upwardcurving, JJ296
schoolhouse, NN866
crooked, JJ94
gullets, NNS388
colours, NNS263
enough, RB44
un, JJ528
sable, JJ564
between, IN33
consumptives, NNS111
mope, VB54
welcomes, NNS328
snorted, JJ481
across, IN24
whispered, VBD177
glances, NNS179
jobs, NNS142
pimander, NN1371
apiece, RB166
queerest, JJS4
crucified, JJ498
blame, VB104
ferme, NN1308
paysayenn, NN1291
jets, NNS159
je, NN1280
harshly, JJ162
come, VB1
c'est, JJS10
duces, NNS334
frisky, NN1416
parapet, NN62
feelers, NNS184
many, JJ356
thickly, JJ52
millionaire, NN1080
personal, JJ248
loudly, RB65
tout, NN1384
mane, NN1203
illdyed, JJ358
amplius, NN1211
comes, VBZ7
duty, NN478
among, IN45
loveliest, JJS3
pintpots, NNS375
madness, NN1202
key, JJ161
prayed, NNS71
color, NN1083
pot, NN383
pop, VB48
gaiety, NN568
pole, NN685
looms, NNS189
stretched, VBD128
razorblade, NN96
crew, VBD190
stroking, VBG35
boat, NN349
mare, NN1100
arts, NNS18
underworld, NN777
olivet, PRP16
tobaccoshreds, NNS398
west, NN459
maladroit, JJ407
mark, NN1027
breath, NN125
willed, VBD239
cords, NNS319
sandflats, NNS354
sisterhood, NN1116
mary, JJ182
boneless, NN824
wants, VBZ26
monsieur, NN1387
offered, VBD152
formed, VBD184
wounds, VBZ25
mocking, NN848
wake, VBP20
rubs, VBP73
drum, NN948
masonry, NN715
spirit, NNS34
those, DT5
sound, NN458
myself, PRP14
these, DT7
coign, NN1159
arnold, NN213
n't, RB23
moors, NNS205
forefinger, NN575
cock, NN792
troy, NN1053
rodot, NN1344
ulysses, NNS1
soil, NN1427
brow, NN133
purse, NN908
coffee, NN1356
dalkey, NN733
sleeping, VBG50
strain, NN238
sudden, JJ173
punched, JJ510
ferns, NNS124
heels, NNS42
impaled, VBN38
toothache, NN1306
awhile, NN46
breton, NN1348
tanist, NN1396
spunk, NN597
pas, NN1284
pat, NN1417
doctor, NN240
il, NN1288
pay, VB78
bowl, NN3
same, JJ153
dancecards, NNS66
bows, VBZ32
speech, NN457
clammy, NN347
grain, NN999
stepped, VBD34
drawingroom, NN230
isle, NN1230
xxEnD142xx, xxEnD142xx
boul, NN1297
oil, NN452
unlace, VB108
mockery, NN57
mockers, NNS151
running, VBG75
edges, NNS31
scorned, VBD123
persecuted, VBD230
paradox, NN535
weep, VBZ48
weave, VBP42
vantage, NN1160
euthanasia, JJ447
sinned, VBD220
no, DT12
breezy, JJ243
spoonful, NN472
shore, NN1054
without, IN29
relief, NN375
lawdeedaw, NN1186
bodies, NNS273
riddle, VB117
gentile, NN1039
malicious, JJ304
being, VBG113
money, NN85
candescent, JJ320
steersmen, NNS360
valuable, JJ395
shouts, NNS37
foot, NN496
growled, VBD113
showed, VBD41
touch, JJ103
navelcord, NN1118
kneeling, VBG210
halfway, NN63
blow, VBP28
sprang, VBD151
gather, VBP60
death, NN138
dipped, VBD38
thinking, VBG56
rose, VBD76
arius, VB105
seems, VBZ43
except, VBP15
thousand, CD13
verse, NN761
pile, NN897
association, NN1064
yellowed, VBN133
ghostly, RB70
thoughts, NNS146
struck, NN800
smokeblue, NN162
real, JJ46
propped, VBD37
around, IN44
kills, VBZ14
rules, NNS56
offence, NN250
gonne, NN1379
sums, NN813
reddened, VBN29
mou, NN1295
dark, NN15
moi, NN1279
mon, NN1286
listening, VBG163
guineas, NNS234
world, NN427
disappointed, JJ310
vague, NN561
dare, NN526
pantalon, NN1323
towel, NN543
christine, NN35
pounds, NNS230
smell, NN873
groatsworth, NN1294
slain, NN988
miracle, NN474
server, NN352
sternly, RB12
yokefellow, JJ536
laughing, VBG9
veering, VBG132
sieved, VBN125
tower, NN18
smouldered, VBN126
twelve, VB88
laissez, NN992
jews, NN652
grub, NN380
doll, NN569
shillings, NNS225
curran, VBD205
sentinel, JJ495
erase, VB133
spiritus, NN396
images, NNS257
intend, VBP26
divine, VB95
thinks, VBZ6
rinderpest, NN1012
tordant, NN1277
choir, NN1216
slice, NN404
palms, NN729
epiphanies, NNS347
memories, NNS69
noon, NN1349
lend, VBP7
ventilation, NN968
withdrawn, VBN60
flow, JJ567
runaway, JJ412
knife, NN405
freed, VB44
felt, VBD63
wheat, NN1220
power, NN902
modality, NN1074
itching, NN795
wheedling, VBG91
broken, VBZ77
fabled, VBN71
throw, NN694
on, IN4
harbourmouth, NN120
quivering, VBG123
tease, VB34
nicey, JJ556
island, NN191
paralysis, NN166
slender, NN1333
fraying, VBG27
helpmate, NN1123
deathbed, JJ80
stand, VB102
scornful, JJ198
ox, NN206
chaussons, NNS380
or, CC3
stony, JJ212
amber, JJ135
quietly, RB18
shapely, RB69
image, NN553
lent, VBD255
disarming, NN643
blessed, VBD11
cursed, VBN18
secondleg, NN155
wilde, NN181
paganism, NN216
your, PRP$3
stare, JJ366
jerks, NNS178
jowl, NN54
her, PRP11
boatman, NN654
there, RB16
leaningplace, NN520
meals, NNS139
los, JJ429
gaze, NN161
lions, NNS310
futile, JJ334
stars, NNS147
nakedness, NN1385
unam, JJ267
mornings, NNS114
jug, NN417
tranquility, NN783
pitches, NNS268
monks, NNS320
sirring, VBG198
mich, JJ509
cottage, NN1156
e, NN1370
trying, VBG174
downstairs, NNS35
copied, VBD195
whirring, JJ391
pleasers, NNS382
pull, VB16
rage, NN179
greeted, VBD269
hooray, NN1051
irlandais, NN1360
rags, VB152
dirty, NN106
conqueror, NN440
grass, NN865
agree, VB94
rust, JJ424
fils, NNS407
gone, VBN68
demagogue, NN929
ad, NN12
wormwood, NN1337
marcellus, CC6
taste, VB18
ah, NN115
threepence, NN1318
am, VBP6
sabellius, NN639
deep, JJ283
fellow, NN163
alarm, NN687
as, IN15
scanned, VBD270
magdalen, NN201
fumbling, VBG88
cathedral, JJ473
ay, NN789
watched, VBD118
tranquil, NN782
moves, NNS299
fill, VB77
again, RB32
proudly, RB170
figrolls, NNS168
englishman, JJ204
splayed, JJ433
idiot, NN1242
bannons, NNS157
redheaded, VBN67
socialiste, NN1282
monstrance, NN1214
field, NN433
kerchiefed, JJ522
panthersahib, NN1433
you, PRP3
borne, VB124
pushedback, NN1431
coughing, VBG185
gitlecoeur, NN1412
poor, JJ82
knifed, VBN77
satchels, NNS192
symbol, NN183
time, NN337
merchants, NNS290
gifts, NNS84
ran, NN1200
ferrule, NN603
failures, NNS303
kings, NNS247
pooh, NN536
prudent, JJ232
unbind, VB92
backward, RB116
applause, NN649
calls, VBZ10
chords, NNS62
curve, NN704
cored, JJ140
hello, NN1121
mast, NN1249
mass, NN144
wherever, IN46
daughters, NNS166
wifeless, NN1408
once, RB90
original, JJ63
underjaw, NN1047
all, DT6
surrounded, VBN105
lapped, VBN128
forget, VBP17
pointing, VBG40
birdcage, NN285
lack, NN735
lait, NN1271
month, NN483
pique, VBP31
slung, VBD141
higher, JJR13
dish, JJ168
settlement, NN883
reluctant, JJ318
dreadful, VB12
disciples, NNS134
hunting, VBG169
homage, NN955
thursday, NN791
to, TO1
fiftyfive, JJ227
nore, NN1422
dressing, VBG141
smile, NN56
te, NN311
ra, NN941
case, NN591
woman, NN390
worse, JJR3
song, NN275
very, RB64
horror, NN309
puffy, NN661
floated, VBN22
baited, VBN101
sons, NNS248
fall, NN651
soles, NNS355
rebounds, NNS274
strand, NN1097
abandoned, VBN139
corpuscles, NNS11
washing, VBG111
cable, NN1120
forth, RB87
cakey, NN1257
prolonged, VBD161
grandfather, NN540
large, JJ169
sang, VBD85
sand, NN1107
harry, NN581
joiner, NN574
snail's, NN822
i'll, VBZ21
ferrando, NN1190
hoarsened, JJ184
tea, NN227
streets, NNS110
nearing, JJ422
past, JJ287
titles, NNS144
pass, VB115
functioning, VBG54
conscience, NN494
what, WP1
stood, VBD48
darkness, NN775
richard, VBP75
clock, NN1307
sun, JJ133
sum, NN858
carcass, NN1442
crust, JJ208
brief, JJ245
crush, VBP63
jockeyed, VBD218
version, NN1393
run, VB126
fathoms, NNS155
sortita, JJ465
learned, VBN75
everlasting, VBG194
plush, NN881
hewing, VBG90
movement, NN764
revealing, VBG84
full, JJ194
twang, NN1229
loose, JJ26
leaping, VBG126
vomiting, VBG32
housel, NN1222
trunk, NN172
greed, NN904
seahorses, NNS325
strong, JJ21
wombed, VBD236
solid, JJ428
search, VB14
bible, JJ378
teeth, NNS12
edenville, VB146
siamese, NN770
westminster's, NN957
playfield, NN861
fergus, NN265
slainte, RB173
comminated, JJ479
misery, NN905
narrow, JJ247
chalkscrawled, JJ497
aria, NN1191
followed, VBD35
mudsplashed, JJ389
frauenzimmer, JJR11
suddenly, RB52
emptied, VBD134
put, VBP27
snug, NN879
toys, NNS68
smokeplume, NN560
1904, CD14
armed, VBD209
rises, VBZ88
dringdring, VBG207
takes, VBZ42
horsenostrilled, VBD248
seaward, NN268
hillock, NN1165
wiped, VBD47
faint, JJ74
two, CD2
error, NN953
wavering, JJ254
gulfstream, NN484
branded, VBN78
japhet, NN548
ballad, NN589
more, JJR2
horses, NNS258
flat, JJ291
wretched, JJ134
diamond, NN931
door, NN276
knows, VBZ13
nimbus, NN701
thus, RB118
saucestained, JJ535
excuse, IN43
ungirdled, VBD3
stick, JJ329
broke, VBD31
known, VBN103
mounted, VBD9
cunning, VBG215
town, NN679
lascivious, JJ548
inwit, NN493
gravel, JJ419
hour, NN647
middle, JJ30
recall, VB70
loops, NNS197
dei, NN14
remain, VB141
nine, CD9
taut, JJ444
learn, VB142
celt, NN913
scramble, VB109
lingered, VBN85
history, NN616
beautiful, JJ540
prompt, JJ387
salted, JJ399
pushes, VBZ24
gravely, RB7
rustled, VBD227
acetic, JJ523
days, NNS156
autumn, NN303
backdoors, NNS358
numbers, NNS198
reproachful, VB27
junket, VB81
phrase, NN709
albs, NN1218
swung, NN251
dress, VB85
bloodless, VB121
firmly, RB139
narrowly, RB55
huge, JJ224
court, NN747
goal, NN981
drained, VBD193
rather, RB96
someone, NN123
sacred, JJ231
baldpoll, NN1215
bogoak, NN1176
lourdily, RB153
lightshod, NN270
waved, VBD173
tempting, JJ566
algebra, NN537
eterna, NN1134
wellnigh, JJ223
bullockbefriending, VBG182
knifeblade, NN88
coming, VBG59
intoned, JJ5
authentic, JJ552
bleak, JJ225
a, DT2
reappeared, VBD91
short, JJ426
coat, NN884
corpsestrewn, NN726
jove, NN400
dragon, NN780
perhaps, RB147
ards, NNS252
imps, JJ340
shade, NN546
deuced, VBN46
drumont, VBZ93
dream, NN137
that's, NN1313
muglins, NNS132
help, NN849
don't, NN205
john, NN937
setier, NN1354
trade, NN994
held, VBD5
through, IN13
coarsely, RB4
destruction, NN1032
genitive, JJ346
hell, VB84
smiling, VBG107
catholicam, NN620
avenue, NN1233
its, PRP$2
houyhnhnm, NN1206
puce, NN513
foxy, JJ475
fanning, VBG51
mummer, JJ69
pray, NN126
tutu, NN1322
clement, NN748
late, JJ435
poxy, JJ87
prowled, VBD265
astonish, VB62
filii, NN395
stephen, JJ9
might, MD8
backache, NN1188
skipped, VBD28
tyrants, NNS215
food, NN443
agitated, VBN96
martello, NN531
introibo, NN11
upsala, JJ545
walls, NNS256
moaning, VBG15
sanctam, NN619
outbreak, NN1022
oxford, JJ45
valentine, NN635
bigger, JJR7
mystery, NN264
easily, RB91
likeness, NN454
faire, NN993
elder, NN547
bunny's, NN1274
always, RB49
fluttered, VBD145
debagged, VBN15
bless, VBD105
ashes, NNS26
connolly, RB46
stopped, VBD149
found, VBD164
fairy, NN1352
friendship, JJ152
pastry, NN1346
heavy, JJ163
week, NN682
harm, NN232
england, NN615
bends, NNS213
house, NN226
energy, NN93
fees, NNS173
idea, NN532
champing, VBG196
engaging, VBG53
haled, VBD102
thickplotting, VBG177
sketched, VBD210
sorrow, NN518
bath, NN1386
dub, VB143
orient, NN1130
really, RB160
embattled, JJ274
praise, NN749
p, NN1292
peep, NN1391
since, IN35
pigeon, NN1265
illstarred, VBD240
si, JJ455
health, NN1327
hill, NN725
darling, VBG171
issue, NN1006
gardener, NN211
nervously, RB61
bald, NN1079
boldness, NN248
belied, VBD222
story, NN758
ponderous, JJ42
pleasant, JJ31
houses, NNS341
reason, NN1328
base, NN552
dire, VB155
shotgun, NN1310
ask, VB79
teach, VB19
ash, NN1092
beginning, VBG118
pus, NN1347
pairs, NNS231
gossoon, NN1395
jet, NN1355
woman's, NN398
published, VBN112
terrible, JJ138
uncertainly, RB145
sensations, NNS48
w, WP5
bookies, NNS267
hunger, NN1305
castle, NN1421
trickle, VB83
fallen, VBN76
delicate, JJ317
serves, VBZ90
indigestion, NN86
gazed, VBN4
feel, VBP39
shavingbowl, NN344
knocking, VBG187
number, NN1108
fancy, VBP23
twisted, VBD129
feet, NNS59
sisters, NNS97
murmured, VBD54
done, VBN72
least, JJS8
blank, JJ278
cups, NNS108
infinite, JJ312
blanc, NN1324
razor, NN6
horse, NN699
heads, NNS259
jew, NN571
bloodied, VBN102
twenty, JJ39
comfy, NN1409
shilling, NN470
plainlooking, VBG37
militant, NN630
bleeding, JJ289
wonderful, JJ207
tetrameter, NN1102
passed, VBD73
chrysostomos, NN49
filibegs, NN919
merciless, NN836
columbanus, NN826
bowed, VBD251
selling, VBG42
watcher, NN52
saint, NN767
dethroned, VBN90
pluterperfect, JJ397
hotel, NN1065
part, NN750
believe, VBP35
stairs, NNS4
shrunken, NN425
kind, NN151
kine, NN437
kindly, RB53
dans, VBZ79
grey, JJ60
youth, NN907
bride, JJ436
harping, VBG226
vias, NN939
stale, NN871
treated, VBN64
dried, VBD196
tongues, NNS195
awaking, NN20
ages, NNS19
shrewd, JJ235
banging, VBG217
caress, NN751
tables, VBZ91
squints, NNS336
fading, JJ471
requiescat, NN1178
lie, VBP56
built, VBN51
nutshell, JJ394
dancing, VBG48
flaming, JJ249
officers, NNS167
lit, VBN62
also, RB120
caesar, NN756
useless, JJ370
freshened, VBN57
pretending, VBG219
disesteemed, VBD180
play, VB42
added, VBD22
serve, VB73
eggs, NNS87
swiftly, RB105
steam, NN1357
cigarette, NN593
virus, NN1010
hired, VBN20
wedded, VBD84
eaten, VBN49
nothing, NN217
alpha, JJ439
mack, NN369
overclouding, VBG96
suck, VB153
xxBeGiN142xxp, NNP1
sturdy, JJ460
mobile, JJ90
noone, RB126
sometimes, RB140
cover, VB56
bills, NNS330
faithless, JJ414
dewsilky, JJ190
mammoth, NN1332
lanternjaws, VBZ74
clean, JJ219
colonel, NNS404
xxBeGiN142xxi, NNP2
daresay, VBP38
dragged, VBD260
shirtsleeves, VBZ45
stones, NNS158
thomas, VB89
nuncle, NN1163
gold, NN48
restore, VBD197
certo, NN1237
woodshadows, NNS58
fins, NNS136
kinch, JJ6
crois, NN1283
wasted, JJ72
bigdrumming, VBG201
carefully, RB135
hopped, VBD45
untonsured, JJ11
fine, JJ179
find, VB127
faces, VBZ47
gilded, VBD70
sideboard, NN875
tilly, RB79
justice, NN1300
nervous, JJ327
ruin, NN713
flesh, JJ200
waiting, VBG127
unhappy, JJ372
mosey, NN324
randy, JJ323
surveyed, VBN50
circle, NN168
whelks, NNS222
columns, NN1021
shepherd, NN1372
his, PRP$1
publicity, NN1026
consubstantial, JJ446
ceasing, VBG10
sunny, NN73
trees, NNS309
whistle, NN44
feels, NNS350
grew, VBD81
hid, NN855
breast, NN271
lifted, VBD202
adhered, VBD176
silk, NN436
him, PRP1
taxil, JJ505
oxy, JJ102
slimy, NN1319
cry, NN322
hobbles, VBZ23
gloves, NNS121
common, JJ192
graveclothes, NNS25
weaver, NN757
river, NN742
winking, VBG157
wrote, VBD228
insane, NN167
bars, NNS338
set, VBN35
art, NN109
creator, NN1049
potent, NN617
see, VBP12
ringsend, VBP69
scrappy, JJ351
are, VBP9
sea, NN112
clasped, VBD237
tender, NN476
close, JJ474
matin, NN1338
heaped, NN693
arm, NN185
chose, VBP13
knees, NNS72
glistening, VBG7
fang, NN1367
guinea, NN188
whrrwhee, VBD226
please, NN40
slapped, VBD109
unreadiness, NN808
halves, NNS220
pennies, NNS165
silly, RB124
rite, NN624
kneel, VB26
wavewhite, NN272
wigwams, NNS359
latin, JJ222
seaspawn, NN1075
attention, NN47
cette, JJ499
betrayer, VB72
mailboat, NN119
blot, NN816
ahoy, NN321
betrayed, VBN136
civet, JJ507
leo, VBZ82
abruptly, RB34
both, DT14
c, VBZ46
cubes, NNS204
last, JJ67
rasher, NN1187
secrets, NNS64
ousted, VBN80
roman, NN610
les, NNS396
n, MD15
forgotten, VBN31
raw, JJ551
whole, JJ466
sloth, NN776
loaf, NN382
drunk, NN329
reasons, NNS99
sweet, JJ61
loan, NN102
malahide, VB161
midwatches, NNS414
harbour, NN656
hollow, JJ85
wearily, RB20
nipping, VBG195
simply, RB63
likes, NNS174
breastwork, NN760
church, NN612
fibres, NNS143
chant, JJ211
acrid, JJ550
goats, NNS161
bards, NNS117
startling, VBG47
devil, NN1232
dun, NN1157
pocketbook, NN885
monthly, JJ214
damp, VBZ51
strategy, NN772
whom, WP3
contentedly, RB45
damn, NN124
coarse, JJ215
ireland, NN460
extends, NNS329
meeting, NN361
empty, JJ233
dame, NN978
firm, NN557
resting, VBG230
jesuit, NN16
lived, VBN95
crowns, NNS227
gay, JJ36
boy, NN291
fire, NN370
thimbleriggers, NNS270
kempthorpe, NN196
else, RB62
recalled, VBD30
liver, NN149
bidding, NN442
1866, CD11
prices, NNS293
awfully, RB165
flashing, NN847
funk, NN92
tweaked, VBN108
bile, NN148
supermen, NNS162
fur, NN835
look, VB21
talking, VBG104
frozen, JJ393
bill, NN466
grainy, NN1248
asculum, NN720
pace, NN1046
while, IN27
kick, JJ410
leaning, VBG22
moustache, NN867
sombre, JJ115
swim, NN480
lodges, VBZ55
backing, VBG168
odour, NN139
napper, IN50
reads, VBZ76
breastbone, NN678
lodged, VBN79
ready, JJ147
rid, VB33
alone, RB68
dressinggown, NN8
blackwood, NN938
shirt, NN152
dingy, NN1402
pinned, VBN124
shuttered, JJ459
butcher, NN977
wherein, NN1136
read, VB20
corridor, NN801
grand, JJ206
conflict, NN648
riddling, VBG148
stolewise, NN544
sell, VB150
landless, NN1407
used, VBN130
displeased, VBD14
snail, NN812
keys, NNS264
leopard, NN890
brooding, VBG60
strength, NN1031
moving, VBG205
stripe, JJ88
peachy, NN1413
koch, NN1007
seawrack, VB144
shrive, VB75
bob, VB106
recent, JJ332
gestures, NNS295
lower, JJR9
shaded, VBN119
blood, NN38
cheek, NN80
craven, VBN83
picks, NNS51
morrow, NN1167
person, NN253
edge, NN64
lowed, VBD121
uneager, JJ210
chemistry, NN626
hastings, NNS260
mananaan, NN1143
ruler, NN558
cornet, NN1149
telegram, NN1326
difficulties, NNS285
unoffending, JJ408
unsought, JJ554
strasburg, JJ453
vigilant, JJ269
prince, NN920
tin, NN189
jousts, VBZ57
cut, VB49
hued, VBD18
cup, NN462
petticoats, NNS101
grim, JJ250
pillars, NNS311
eager, JJ322
studious, JJ316
crying, VBG68
win, VB154
prelate, JJ29
laggard, NN863
flabbily, RB152
hater, NN1199
shoved, VBD170
razorshells, NNS351
gamp, NN1110
cuckquean, NN441
showing, VBG94
jerked, VBD225
clutched, VBN137
strongbow's, VBD268
dearly, RB13
bit, NN1147
bullock, NN655
wings, NNS137
richie, NN1164
moody, NN262
knock, NN839
blemish, JJ443
stranger, NN640
children's, NN305
coalsmoke, NN362
patrice, NN1266
strife, JJ353
chorus, NN317
uproar, NN986
arthur, NN1368
foolish, JJ239
adiaphane, NN1087
wrack, NN1088
often, RB128
jibes, NNS119
creation, NN590
some, DT9
back, RB11
lips, NNS20
marmalade, NN204
mighty, NN121
bells, NNS145
sight, NN21
mirror, NN5
candle, NN376
pale, JJ12
ourselves, VB43
ghostwoman, NN1132
leaders, NNS401
ursula, JJ95
fears, VBZ19
pet, NN385
though, IN40
dryingline, NN1259
per, IN42
prop, VB90
orangeblossoms, NNS400
prod, VB132
temple, NN915
burly, RB164
nose, NN194
be, VB29
demi, NN1353
eating, VBG102
ba, NN912
remembered, VBN73
dictates, NNS254
crammed, VBD115
refused, VBD52
aloft, RB3
step, NN882
scraggy, JJ330
stew, VB110
nerves, NNS410
crone, NN438
by, IN1
russell, VBP54
faith, VB162
disrobed, VBD133
printingcase, VBD266
anything, NN122
constraint, NN233
hellenic, JJ38
prove, VB156
sacrament, NN299
audible, JJ427
recited, VBD183
beans, NNS387
stuart, JJ359
wrinkled, JJ189
wonders, NNS373
shiny, JJ71
silence, NN43
lendeth, NN696
miracles, NNS140
seeing, VBG38
into, IN18
within, IN22
resignedly, RB94
athens, VB6
terrene, NN637
papas, JJ306
menelaus, JJ413
gurgling, VBG5
sancti, NN397
france, NN1419
rolls, NNS385
milkjug, NN420
joking, VBG34
eleven, RB129
measured, VBN63
circumdet, NN314
question, NN969
vigour, NN501
long, JJ19
disarmed, VBD159
suis, NN1281
paree, NN1401
handbook, NN771
forward, RB6
adam, JJ440
mountains, VBZ1
himself, PRP5
an, DT3
assisting, VBG204
boys, NNS272
galway, NN996
link, VBP64
virginum, NN316
tragically, RB93
hopes, VBZ81
line, NN606
reek, NN833
dull, JJ78
beaufort, NN959
peeped, VBD19
hair, NN31
couchant, VBP62
culotte, NN1325
ut, JJ477
up, RP3
us, PRP8
're, VBP2
steeeeeeeeeeeephen, JJ253
faded, VBD200
fried, JJ158
called, VBD8
bell, NN1155
sort, NN386
fleshpots, NNS367
geese, JJ406
armstrong, VBP48
vous, VBZ78
stripped, VBN48
influence, NN1025
gunrest, JJS1
chap, NN51
warning, VBG124
canteen, NN971
dragging, NN1069
echo, JJ480
footpace, NN1213
sullen, JJ28
lemon, NN387
tittering, VBG144
upended, JJ167
peace, NN267
thanks, NNS15
obelisk, JJ563
department, NN1002
trouser, NN98
scrub, NN491
princely, JJ385
crouching, NN430
favourite, NN974
faintly, RB88
lumberroom, NN802
silted, JJ434
meaning, JJ307
rested, VBN6
smiled, VBD112
drab, NN874
missile, NN515
sides, NNS116
paps, VBZ30
land, NN19
happier, JJR10
oakpale, JJ59
strolled, VBD132
vico, FW4
walked, VBD69
heath, NN832
stephen's, VB22
libraries, NNS348
tub, NN490
fresh, JJ244
savingsbox, NN899
menace, NN642
having, VBG43
evenly, RB39
squire, NN942
grogan, NN399
tram, IN47
tarentum, NN707
signatures, NNS314
harpstrings, NNS61
joachim, NN1196
go, VB5
moon, NN1205
postprandial, JJ532
attires, VBZ40
peering, JJ96
qui, RB168
young, JJ108
send, NN403
mower, NN214
literary, JJ384
croit, NN1289
blended, VBD158
grasping, VBG138
women, NNS160
friendly, JJ34
sent, VBN70
wetted, JJ75
breathing, VBG183
seized, VBN11
nomine, JJ174
demiurgos, JJ430
drily, RB108
putting, VBG114
rattling, VBG72
drinking, VBG81
harlot, NN1034
wipe, VB15
padded, JJ468
stiff, JJ217
meant, VBP71
mercurial, JJ220
notes, NNS95
shock, NN985
michael, NN645
eve, JJ441
ryan, JJ369
leader, NN525
try, VB135
buttercooler, NN384
race, NN823
usurper, IN37
porter, NN1317
sewage, NN1251
booty, NN1321
ulster, NN1057
waistcoatpocket, NN595
folds, NNS17
ogresse, NN1377
boots, NNS122
waking, VBG77
blowing, NN672
picked, VBD138
subtle, JJ271
comprehend, VB125
yvonne, NN1345
acid, NN1343
odd, JJ261
folk, NN406
twine, NN1227
giving, VBG28
dactyls, NN70
fat, NN1219
richmond, NN235
rotten, JJ195
windingsheet, NN1036
buys, VBZ58
pleading, VBG155
seacold, JJ368
bird, NN572
body, NN36
gemmed, JJ405
led, VBD216
gaily, RB19
exchange, NN1041
nimbly, RB106
spake, VBP46
following, VBG229
unclipped, JJ282
let, VB24
sink, VB163
widower, NN1141
others, NNS32
lex, JJ445
sing, NN288
invented, VBD250
fifteen, VB122
great, JJ64
jalap, NN190
drank, VBZ31
spiced, JJ527
contradiction, NN514
later, RB117
quaint, NN843
'46, NNP5
cousins, NNS236
joyously, RB138
makes, VBZ20
writes, NNS283
maimonides, NNS208
daybreak, NN432
foresee, VBP61
apple, NN300
grained, VBD17
egypt, NN1296
unhating, VBG166
limp, JJ221
manage, VB91
westmeath, NN665
private, JJ547
mariners, NNS361
austria, NN1015
names, RB81
oval, NN53
singing, VBG80
whorled, VBD201
cloud, NN274
standing, VBG175
strapped, VBD188
fed, NN773
from, IN2
che, NN1084
kingstown, JJ65
whipping, VBG46
next, JJ288
few, JJ83
doubt, VBP22
weeping, VBG197
cheeks, NN67
valise, NN372
grandest, JJS9
clever, JJ149
victory, NN722
porch, NN862
becomes, VBZ41
stone, NN332
charming, VBG93
ashamed, JJ205
tattered, JJ518
maze, NN1258
liliata, VBZ27
moses, NNS207
whisky, JJ151
papishes, NNS244
crosses, NNS6
chapbook, NN743
meek, JJ386
drawer, NN284
this, DT4
ride, VB131
stations, NNS405
creepystools, NNS374
pour, VBZ28
gruff, JJ382
swollen, JJ279
crossed, VBD2
thin, JJ349
servants, NNS33
of, IN3
scatter, VB138
bend, VB60
point, NN482
borrowed, VBD204
slid, VBD186
tap, NN298
bent, VBD12
patron, NN55
escapes, NNS402
fists, NNS340
lock, NN371
coolness, NN346
oldly, RB143
rapt, JJ20
high, JJ157
slit, JJ111
whusky, NN1182
something, NN127
locking, VBG208
reynolds, NNS237
newhaven, JJ517
sir, NN241
beaded, JJ448
sit, VBD107
skirt, NN1415
six, CD12
struggler, NN1056
king's, NN965
seeds, VBZ49
hag, NN1376
struggled, VBD169
clasping, NN198
paler, NN556
profile, NN734
squeaking, VBG213
pockets, NNS23
watch, VB164
waters, NNS63
slights, VBD126
winners, NNS265
collection, NN488
halted, VBD6
terrors, NNS312
iambs, JJ432
fits, NNS27
ties, NNS233
gondoliers, NNS327
famous, JJ539
light, NN30
butterly, RB95
lines, NNS93
womb, NN1131
trembling, VBG74
phantasmal, JJ139
writ, NN1175
road, NN732
begob, NN401
morrice, NN841
watercloset, NN1138
respectable, JJ457
hray, NN1243
bathing, VBG199
beauties, NNS379
stamped, VBD231
knotting, VBG112
mute, VBP8
armagh, NN932
widowed, JJ449
rebellious, JJ218
vainly, RB161
symbols, NNS200
offences, NNS54
contending, VBG162
pulses, NNS53
horns, NNS282
letters, NNS201
cattledoctors, NNS284
curling, VBG36
industries, NNS279
thanking, VBG173
blake, NN712
brood, VB55
dissectingroom, NN236
whereon, NN1170
thence, NN424
chosen, VBP50
glee, VBP49
surgeons, NNS281
housewife, NN1341
winning, VBG145
willing, JJ348
merrying, NN342
turban, NN892
orange, NN925
covered, VBD20
crowds, NN966
massed, VBD223
tickled, VBD249
lunatic, JJ50
twopence, NN468
dan, NN1223
kish, JJ560
flew, VBD137
fishgods, NNS96
stout, JJ559
hands, NNS78
front, NN1236
law, NN1183
hayloft, FW6
day, NN225
serpentine, JJ485
tray, NN876
masters, NNS141
grumbling, VBG222
decalveris, NN1212
radiant, VBP11
sin, NN769
billy, RB97
slipping, VBG105
truth, NN508
rising, VBG110
beneath, NN154
typewriter, NN949
gazing, VBG19
glasses, VBZ50
watery, NN763
oui, JJ506
skeweyed, JJ458
lolled, VBN140
books, NNS190
measure, NN423
jagged, JJ70
our, PRP$5
indulged, VBD179
witness, NN807
out, RP2
tinderbox, NN596
theirblind, NN1432
omnipotent, NN331
', POS3
twice, RB71
cerebral, JJ127
defend, VBP43
matris, NN853
wholly, RB67
may, MD14
ceylon, NN960
messenger, NN428
cliffs, NNS130
cause, NN1373
costdrawer, NN1148
red, JJ285
shut, VBD23
approached, VBN27
frank, JJ117
loyola, NN258
bleaching, VBG164
worsting, NN644
wined, JJ534
farls, NNS378
upbraid, VB74
thrust, VBN12
obscure, JJ341
drowning, VBG17
shipworm, NN1250
cured, VBN104
g, VBN9
mortar, NN889
could, MD5
shells, NNS221
scotus, NN1315
times, NNS107
stride, NN1089
length, NN29
calvary, JJ240
lances, NNS153
secretary, NN527
lancet, NN187
scarf, NN485
spilt, NN1316
coughball, NN1068
clamour, NN804
manuscript, NN951
apostolicam, NN621
lapboard, NN1169
jesus, NN326
embarrassed, JJ364
crissie, NN1180
howled, VBD99
gros, JJ503
reached, VBD116
moiety, NN1166
rushes, NNS339
ancient, JJ32
fair, JJ58
copybook, NN806
laps, VBZ83
accent, NN335
paff, NN1208
their, PRP$6
quaking, NN1426
bargained, VBD199
final, JJ299
paved, VBD124
shell, NN598
stomach, VB101
seymour, NNS36
exactly, RB149
argos, NN754
mantelpiece, NN917
regards, NNS304
stairhead, NN2
guncase, NN91
manifestation, NN1050
remember, VB46
vie, FW7
loved, VBN87
grandson, NN538
o'er, IN32
wet, JJ486
beg, VB37
bed, NN281
tortured, JJ144
hoofs, NN975
squealing, NN605
lover, NN1340
coronation, NN340
twos, NN469
encore, RB171
bard, NN108
lightly, RB37
cabmen, NNS368
beck, NN1359
gently, RB2
tide, NN273
faut, FW9
have, VBP4
spattered, VBD259
throat, NN23
fenians, VBP55
linked, VBD68
sayings, NNS118
florin, NN473
afraid, JJ276
livingroom, NN354
marsh's, NN1195
famileye, JJ519
able, JJ257
darkened, VBN42
battles, NNS275
bestrode, NN828
which, WDT1
mis, NN1262
lily, RB114
gracelessness, NN856
warily, RB27
tonight, VBD155
bemused, VBN58
centre, NN1392
who, WP2
fred, VBD206
vengeance, NN1399
eight, CD5
nous, JJ530
prisoner, NN1302
awe, NN278
cockney, NN334
sally, RB158
why, WRB3
prophecies, NNS342
shaven, JJ40
clive, JJ107
repeated, VBN82
face, NN28
looked, VBD16
scrambled, VBD166
palefaces, NNS40
snapshot, NN669
absurd, NN58
businessman, JJ277
messmates, NNS92
bladderwrack, NN1443
bulging, NN1126
albert, JJ374
text, NN408
tidings, NNS30
hollandais, NN1361
hamlet, NN498
halting, VBG106
bring, VBG44
seaweed, NN1252
midwife, NN1109
rouge, VBZ86
noserags, JJ84
fear, JJ51
nearer, CC4
envy, NN739
highest, JJS7
cyril, NN817
jay, VB67
hops, VBZ22
with, IN12
should, MD6
buttons, NNS255
jam, VB113
flan, JJ525
b, NN719
hope, NN507
regularly, RB142
bonesetter, NN450
listened, VBD125
watching, NN65
welloff, NN731
familiar, JJ252
herring, VBG200
muttering, VBG167
sipping, VBG221
canary, JJ557
words, NNS52
drawn, NN1162
barbacans, NNS80
spur, NN662
wellfed, JJ76
finical, JJ183
places, NNS288
tobacco, NN613
course, NN599
shy, NN778
gerty, NN740
married, VBN118
tous, JJ546
calling, VBG73
vying, NN976
dome, NN1430
she, PRP10
deline, VBZ67
won't, VBD50
transept, NN1228
generations, NNS241
widow, NN1235
europe, VB158
naturelles, NNS366
allusion, NN1004
aleph, VBZ68
burying, VBG153
smooth, JJ89
national, JJ213
snugly, RB122
slanted, JJ338
parnell, RB146
unfairly, RB111
milkwoman, NN504
disguises, NNS403
awaits, VBZ44
tripping, NN72
tyranny, JJ347
mien, NN846
clearing, VBG23
nightmare, NN1048
caliban, NN180
southward, RB100
thumb, NN592
state, NN528
hammock, NN366
closed, JJ325
horrible, JJ251
sandymount, NN1096
lui, VBZ84
turko, NN290
kidneys, NNS345
thumbnail, NN677
ends, NNS317
tugged, VBD144
opening, VBG146
janey, NN368
hurrying, VBG62
job, NN1418
le, NN1264
merry, NN336
jog, VBP57
nightfall, JJ562
macmurrough, PRP18
puzzled, JJ180
staring, VBG71
instant, JJ13
asunder, VB120
limits, NNS315
taking, VBG109
decay, NN1030
equal, JJ226
boulders, NNS376
creeping, VBG227
doorway, NN367
figures, NNS196
passing, VBG178
glorious, JJ150
wear, VB30
comment, NN1320
ashplant, NN519
wall, NN1331
ca, MD4
overcoat, NN1303
walk, VB103
mabinogion, NN412
laugh, VB99
cousin, NN1024
table, NN200
rashers, NNS55
lies, NNS188
unclean, JJ199
pouring, VBG99
rusty, JJ423
decent, NN1329
sara, NN1145
copies, NNS305
chimiques, NNS365
quid, NN75
poured, VBD119
slowly, RB66
bathtowel, NN524
poet, JJ367
stealeth, VBP45
ladychapel, NN1221
pity, NN279
shoulders, NNS212
liverpool, NN995
nickel, NN343
stalled, VBN117
aubrey, JJ110
swarmed, VBD221
moved, VBD96
thrusting, VBG18
fiacre, NN1314
bulk, NN918
player, NN1150
roasting, VBG69
bull, NN698
smoking, NN691
general, JJ92
gunpowder, NN1350
troubled, VBD178
toothless, NN690
ouns, VBZ3
noiselessly, RB141
fearful, JJ7
plain, VBP33
beats, NNS353
will, MD1
maud, NN1378
wild, JJ295
madeleine, VB159
at, IN8
all'erta, NN1189
aristotle, NN766
almost, RB31
snotgreen, JJ57
walks, NNS413
lush, JJ188
glowlamps, NNS183
jelly, NN664
helped, VBD153
incense, NN350
gabbled, JJ315
partner, NN845
sweettoned, VBN69
thud, NN711
finance, NN1028
tumbled, JJ524
watchful, NN963
michelet, NN1275
blasphemous, JJ246
began, VBD40
rawly, RB172
gesture, NN936
matthew, NN212
strange, JJ490
slammed, VBD257
genevieve, NN768
strandentwining, VBG193
tapped, VBD203
twelfth, NN688
garish, JJ357
ball, NN840
dusk, NN1429
raddy, JJ383
drink, VB68
upon, IN23
outcast, NN1410
iago, RB136
colouring, VBG108
student, NN449
dust, NN447
frequently, RB78
whale, JJ119
collar, NN486
pleasantly, RB75
scarcely, RB131
off, RP4
drafts, VBZ70
rapine, NN834
i, JJ1
hushed, VBN116
colour, NN110
well, RB43
thirstily, RB73
thought, VBD127
drone, NN263
clambering, VBG202
english, JJ44
position, NN1263
watchchain, NN511
raving, VBG13
drawing, VBG39
bending, NN545
patris, NN393
cried, VBD27
heavily, RB72
moments, NNS239
gabbling, VBG151
dateshaped, VBD191
learner, NN1059
steelpen, JJ101
cries, NNS138
coasted, VBD254
rooms, NNS39
patrie, JJ541
felix, NN1381
lately, RB157
twig, NN830
griffith, NN1369
murzsteg, NN1014
begin, VB116
generous, JJ371
rapid, JJ10
lalouette, NN246
panther, NN90
la, JJ504
guts, NNS109
sky, NN793
bench, NN738
drew, VBD168
simple, JJ229
other, JJ105
uebermensch, JJ290
crack, NN173
mitre, NN1139
earnestly, RB74
leman, JJ415
ought, MD13
kinswoman, NN413
howth, NN1239
february, JJ511
livid, NN716
hollybush, NN798
five, CD7
know, VBP3
loudlatinlaughing, VBG218
desk, NN947
press, NN946
pier, NN684
intrigues, NNS286
glazing, VBG70
goddamned, JJ487
like, IN9
lost, VBD253
scallop, NN893
chairs, NNS217
snotrag, NN509
opera, NN1192
journalist, NN1374
flickering, VBG159
lose, VB129
leaves, VBZ61
sloping, VBG156
soft, JJ155
page, NN784
heel, NN252
italian, JJ258
framed, VBD214
lance, NN1066
because, IN17
shotover, NN958
scared, JJ112
faithfully, RB132
searching, VBG24
alive, JJ97
immortal, JJ191
hush, JJ170
daylight, NN359
growth, NN622
flush, NN231
home, NN703
empire, NN911
peter, NN242
conspiracies, NNS391
milkcan, NN464
teazle, NN243
lead, VBD66
tandy, NN1173
broad, JJ403
lean, JJ335
shone, NN345
does, VBZ17
masked, VBN16
screwed, VBD212
croppies, NNS246
fretted, VBD55
brims, NNS133
curtseyed, VBD130
poets, NNS24
noise, NN195
f, JJ488
apostolic, JJ265
dangling, VBG116
tonsured, VBN121
oiled, VBN122
host, NN646
expire, VB39
blottingpaper, NN860
snapped, VBD154
choked, VBN33
agallop, NN1103
coldly, RB9
hiding, NN357
throne, NN1140
waving, VBG186
about, IN6
quarter, NN516
rare, JJ268
carried, VBD94
getting, VBG189
vellum, NN1128
smartly, RB10
sinister, NN128
madame, NN1411
sakes, NNS74
blessings, NNS86
toadstool, NN435
whistles, NNS14
tongue, NN549
emperor, NN1013
irishman, NN614
excipiat, NN318
own, JJ122
polished, JJ311
fettered, VBD181
xxBeGiN142xx, xxBeGiN142xx
owe, VB80
breffni, NN1055
kadmon, NN1124
socks, NNS232
maccabe, NN1113
stared, VBD207
brush, NN66
joyce, VBP1
lamented, VBN115
dispossessed, JJ512
brass, NN1311
spouse, NN1122
irlande, NN1363
impatience, NN710
comyn, NN727
veil, NN1394
blanketed, VBD246
secret, JJ143
imperial, JJ262
zulus, VB35
inner, JJ160
powdered, VBN25
communion, NN928
exposure, NN671
dottyville, NN165
searches, NNS333
buy, VB130
north, NN657
vieille, NNP6
but, CC2
gait, NN517
subjective, JJ344
reminds, VBZ37
piously, RB113
beat, VB136
ear, JJ230
entered, VBD101
he, PRP2
embargo, NN1023
misty, NN809
made, VBD13
tossed, VBD103
undespairing, JJ558
glory, NN418
whether, IN30
wish, VB45
saucer, NN1342
wife, NN1052
inconsequent, JJ130
warmth, NN497
corpses, NNS73
ecclesiam, VBP40
limit, NN1086
hockeysticks, NNS199
problem, NN503
walter, NN1151
minutes, NNS371
stirring, VBG20
bearing, VBG1
irish, JJ56
veiling, VBG58
sion, NN1424
lobes, NNS50
dyed, VB151
goodness, NN429
ink, NN811
plundered, VBD224
shooting, VBG16
trailing, VBG128
'll, MD7
dressed, VBN8
beastly, RB60
oak, NN32
chemise, NN692
slumbers, NNS384
crawsick, JJ392
book, NN407
malachi, JJ37
granite, NN131
behold, VBP36
pantomime, NN289
clacking, NN186
quarts, NNS115
bundle, NN659
stay, VB11
tritely, RB115
repeal, NN926
friends, NNS253
cliff, NN578
ghost, NN541
canice, NN1420
rotting, VBG30
rule, NN736
lift, VB149
searched, VBD229
understand, VB76