foul, JJ732
four, CD2
woods, NNS507
hanging, VBG442
woody, NN1624
looking, VBG26
eligible, JJ427
scold, VB379
lord, NN765
meadows, NNS398
sinking, VBG357
leisurely, JJ895
bringing, VBG301
disturb, VB529
recollections, NNS263
wednesday, JJ350
piling, VBG148
persisted, VBD221
succession, NN997
tired, VBD149
miller, NN1558
cordially, RB172
diffuseness, JJ323
tires, NNS191
elegant, JJ119
second, JJ45
consenting, VBG479
errors, NNS450
cooking, NN817
contributed, VBN415
fingers, NNS421
designing, VBG307
increasing, VBG224
inducement, NN405
offenses, NNS203
gayer, NN1580
interrupting, VBG263
here, RB8
china, NN909
hers, NNS354
natured, VBD225
substance, NN1574
unwillingness, JJ508
pretensions, NNS335
reports, NNS302
powdering, VBG475
military, JJ426
divide, VB394
secluded, VBN480
criticise, VB107
explained, VBD158
civilities, NNS241
summons, NNS220
brought, VBD39
forbore, VBP85
cheating, VBG139
spoke, VBD24
impartiality, NN1463
music, NN557
therefore, RB13
strike, VB272
sermons, NNS229
until, IN50
females, NNS334
successful, JJ518
brings, VBZ70
hurt, VBN267
glass, NN1698
hold, VB229
circumstances, NNS266
pursue, VB282
accomplishment, NN1214
example, NN721
expressively, RB381
misfortunes, NNS437
unjust, JJ542
household, NN1722
bitterest, JJS48
caution, NN872
want, NN6
absolute, JJ465
complaining, VBG425
feature, NN361
how, WRB2
hot, JJ407
disgrace, VB253
shrug, VB536
dignified, VBN334
gaming, NN1745
beauty, NN38
wrong, JJ213
destined, VBN228
endeavoured, VBD229
youths, NNS483
revolt, VB506
headquarters, NNS106
wink, VB514
18th, CD11
keeps, VBZ78
nonsensical, JJ247
wind, NN1318
wine, NN321
welcomed, VBN150
concurrence, NN1192
vary, VB234
barnet, NN1692
rewarded, VBN251
fit, NN469
heretofore, NN1908
fix, VB238
narrowest, JJS46
distinguishing, VBG95
nobler, JJ757
admirable, JJ544
grievous, JJ372
effects, NNS332
interrupt, VB271
beaux, NN1158
yourself, PRP15
interfering, NN1129
blushed, VBN249
preceded, VBD372
fortnight, JJ51
blinded, VBN214
backgammon, JJ391
borne, VBN224
misfortune, NN302
forwarding, VBG432
excepting, VBG54
re, JJ677
encourage, VB300
foundation, NN1165
assured, VBD122
wavered, VBD366
threatened, VBD228
faculties, NNS574
grapes, NNS540
sheet, NN1145
universally, RB1
ate, NN1332
exposing, VBG118
shelves, NNS225
disturbed, VBN474
speedy, JJ550
angelic, JJ574
instruct, VB513
clamorous, JJ736
sallied, VBD276
service, NN576
engagement, NN623
needed, VBD251
master, NN752
bitter, JJ267
listen, VB158
wisdom, VBN315
scarborough, VB512
positively, RB168
exultation, NN1050
showed, VBD107
miniatures, NNS513
project, NN1082
idle, JJ256
exclaimed, VBD170
endure, VB495
haye, NN1779
feeling, NN314
acquisition, NN1266
entail, NN769
willingness, NN1611
dozen, NN553
affairs, NNS196
courier, NN1830
person, NN155
eagerly, RB104
recommended, VBD127
amusing, NN597
doors, NNS402
imprudent, JJ483
transactions, NNS448
object, VB80
vexing, VBG8
obsequiousness, NN863
mouth, NN1664
letter, NN627
retaining, VBG230
morality, NN763
grove, NN1355
camp, NN1577
fugitives, NNS561
derbyshire, NN166
came, VBD9
saying, VBG71
meetings, NNS548
tempted, VBN66
apace, NN1554
louisa, NN451
vexations, NNS487
cousins, NNS219
touched, VBN174
rich, JJ168
upbraiding, VBG235
mend, VB169
emphatically, RB399
plate, NN1330
petrified, JJ745
pocket, NN1728
altogether, RB51
societies, NNS101
nicely, RB327
exclamations, NNS243
release, NN1013
hasten, VB320
precluding, VBG485
fair, JJ373
unexpectedly, RB199
result, NN619
fail, VB302
resigned, VBN273
best, JJS1
foxhounds, NNS85
playfulness, NN368
rings, NNS190
solicitude, NN499
score, NN316
scorn, JJ877
preserve, VB408
never, RB38
nature, NN288
toilette, NN1321
extent, NN549
defiance, NN1422
debt, NN957
pity, NN606
accident, NN976
disdain, NN1035
country, NN434
estates, NNS218
planned, VBD34
marrying, VBG5
adapted, VBN188
asked, VBD63
temptations, NNS482
mortified, VBN77
vain, JJ167
unprotected, VBD345
mortifies, VBZ115
union, NN633
quarrelling, VBG507
much, JJ13
privilege, NN1220
tallest, JJS5
life, NN75
wish, VB49
lift, NN1642
doubts, NNS209
worked, VBD87
diverted, VBN404
commerce, NN353
employ, VB155
unfelt, JJ689
remembering, VBG367
congratulation, NN704
played, VBN335
hatfield, NN1693
anticipating, VBG305
trusted, VBD178
severity, NN1425
things, NNS82
harmony, NN1352
emphatic, JJ53
exertion, NN482
fairly, RB368
qualifications, NNS333
supper, NN579
altar, NN1106
lucas, NN46
intrusion, NN892
milliner, NN431
opinions, NNS77
outlived, JJ775
absurdities, NNS380
distribute, VB348
disguise, NN740
birmingham, NN1609
exclaiming, VBG204
succeeding, VBG382
previous, JJ383
gretna, VB467
ham, NN1071
phillips, NNS105
ease, NN217
had, VBD4
advancement, NN1439
innocent, JJ497
has, VBZ2
hat, NN82
elevation, NN1507
disagreement, NN777
possible, JJ184
possibly, RB66
birth, NN836
occurring, VBG302
desire, VBP7
remind, VB352
pavement, NN882
steps, NNS188
effusion, NN1135
attorney, NN425
right, NN311
old, JJ32
crowd, NN1154
people, NNS52
predominance, NN1467
crown, VB48
enemies, NNS305
for, IN6
bottom, NN1331
creative, JJ727
witty, JJ709
disheartened, VBN397
summoned, VBN118
palatable, JJ848
shifting, VBG416
losing, VBG461
bowing, VBG334
shaken, VBN282
benches, NNS602
grievously, RB366
o, NNS133
despair, NN1155
slightly, RB263
raised, VBN46
son, NN947
respectable, JJ137
despised, VBN409
support, VB363
constantly, RB281
avail, VB324
annesley, VBZ101
despises, NNS138
authorized, VBN70
greatness, NN1320
jane, NN52
acquainting, VBG446
happy, JJ124
offer, VB78
forming, VBG186
talents, NNS403
congratulations, NNS299
humbled, VBN475
nicest, JJS41
proud, JJ88
liberal, JJ441
soothe, VB308
exist, VB397
accounting, NN1490
effusions, NNS112
protested, VBN50
solicitation, NN1175
uttered, VBN264
benefiting, VBG466
intend, VBP53
acquaintance, NN95
fastened, VBN389
time, NN118
gown, NN207
corps, NN887
chair, NN1328
quartered, VBN420
indolent, JJ245
vex, VB520
reverting, VBG212
gratulation, NN1067
irksome, JJ548
busy, JJ896
choice, NN243
gloomy, JJ570
rapturous, JJ562
fatigued, VBN25
stays, VBZ24
fullest, JJS36
exact, JJ250
minute, NN890
cooks, NNS615
tear, VBP15
leave, VBP23
settle, VB306
speculation, NN1822
unaware, JJ190
prevent, VB285
insignificant, JJ625
sigh, NN1296
sign, NN755
celebrated, JJ743
falling, VBG21
profligate, VBN457
honour, VBP16
understanding, JJ41
phillipses, NNS246
yards, NNS525
address, NN278
alone, RB64
along, RB118
studied, VBD308
wherever, IN34
commonly, RB345
accomplished, JJ113
studies, NNS173
studier, NN596
carpets, NNS505
love, NN34
prefer, VB137
crammed, VBN396
positive, JJ531
angry, JJ95
sisterly, JJ626
vigour, JJ607
explicitly, RB370
opposed, VBN98
wondering, VBG296
scope, NN1053
loving, VBG436
introducing, VBG273
conciliating, VBG340
consoled, VBD316
afford, VB393
apparent, JJ272
refrain, VB353
odious, JJ295
ignorant, VBP8
virtue, NN959
behalf, NN978
valued, VBD240
anything, NN39
originally, RB186
pretend, VB14
believes, VBZ57
believed, VBD116
detached, VBN256
admired, VBN42
admires, VBZ73
allowed, VBD79
offense, JJ149
stole, VB459
evidently, RB219
winter, NN436
divided, VBN111
thanking, VBG287
northwards, NNS502
revolted, VBN431
spot, NN883
date, NN1641
such, JJ4
dove, VB460
disagreeable, JJ90
stress, NN105
natural, JJ127
varieties, NNS550
conscious, JJ336
consequently, RB49
yielding, VBG56
st, JJ159
so, RB3
subsisting, VBG135
disagreeably, RB323
se, JJ361
years, NNS17
course, NN374
tendency, NN744
thoughtfulness, JJ853
solitary, JJ640
derive, VB439
yawning, VBG245
solace, NN76
stupidity, NN1176
attraction, NN1570
suspicion, NN1002
petition, NN711
instantly, RB107
conveying, VBG366
equipage, NN1850
thereby, RB67
executors, NNS447
bashful, JJ519
overpowering, VBG303
arriving, VBG328
maintaining, VBG182
instability, NN1400
quarter, NN725
cordiality, NN1191
receipt, NN454
owing, VBG176
irremediable, JJ852
entering, VBG1
paling, NN1416
prudently, RB386
neighbourhood, NN8
canvas, NN1638
abide, VB420
contained, VBD232
investigation, NN1430
suggesting, VBG180
bordering, VBG144
complimented, VBD161
possibility, NN562
quite, RB35
disrespect, NN991
besides, JJ242
remainder, NN248
liberally, RB306
patronage, NN784
modest, JJ485
misused, VBN291
neglect, VB42
jumbled, VBN325
emotion, NN1399
saving, VBG417
symmetry, NN366
spoken, NN547
one, CD1
conscientiously, RB171
spanish, JJ780
open, VB109
affords, NNS461
city, NN1911
postilions, NNS576
occupy, NN287
harringtons, NNS469
2, CD14
brevity, NN1680
violated, VBN511
lingering, VBG403
pressingly, RB229
proving, NN1881
ridiculous, JJ111
representing, VBG370
overtaken, VBN490
depressed, JJ690
rival, JJ772
folly, RB190
coats, NNS293
future, NN815
wandering, VBG191
prospect, NN591
dutifully, RB252
addressing, VBG241
illness, NN470
turned, VBD48
argument, NN323
jewels, VBZ120
sad, JJ714
tastes, NNS498
rained, VBD101
lurking, VBG419
saw, VBD32
preservative, NN1184
sat, VBD31
fashionable, JJ189
unsuitable, JJ553
aside, IN42
instructed, VBD275
note, NN448
take, VB6
wanting, VBG67
coincide, VB361
creditably, RB268
altered, JJ524
opposite, JJ325
syllable, NN1344
discerning, VBG447
knew, VBD20
unkindness, NN975
airing, NN1768
remarks, NNS166
pages, NNS230
lawn, NN1661
drive, VB226
unabated, JJ897
trembled, VBN449
walking, VBG28
murmurs, NN1205
mince, NN605
merit, NN660
peaches, NNS542
bright, JJ478
scarce, JJ631
imagined, VBD235
slow, JJ761
reconciling, VBG404
tears, NNS434
going, VBG35
uppermost, RB350
blinds, NNS474
caroline, VBP38
wilfully, RB246
dispute, NN996
guarded, JJ174
rejoiced, VBN255
assistant, NN556
resource, NN1613
borrow, VB207
landlord, NN1633
liable, JJ522
where, WRB4
hastened, VBD279
aroused, VBD324
alarming, VBG113
illiberal, JJ738
spars, NNS503
screen, NN551
adept, NN394
spare, VB131
suppressed, VBN298
conversed, VBD280
residence, NN281
s, NNS25
loudly, RB192
expression, NN363
allowance, NN1224
loveliest, JJS55
gaiety, NN1131
sentinel, NN1515
caring, VBG268
plantation, NN1419
practises, VBZ90
stretch, VB197
mounting, VBG127
breath, NN375
practised, VBD282
motives, NNS195
wants, VBZ76
enable, VB164
lanes, NNS633
thousand, CD4
formed, VBN138
haunt, NN1374
observe, VB150
chatty, JJ854
former, JJ122
pretence, NN1443
consulted, VBN478
intimately, RB206
confidently, RB375
newspaper, NN1365
situation, NN255
endured, VBN230
brow, NN1700
engaged, VBN39
fame, NN810
nuptials, NNS588
perpetually, RB159
inoffensive, JJ158
xxEnD142xx, xxEnD142xx
edged, VBD277
defy, VB202
vacant, JJ219
peculiarities, NNS433
summer, NN900
manifold, JJ515
being, VBG22
rest, NN111
invalid, NN625
flutterings, NNS567
presumption, NN1711
sixteen, NN962
deceiving, VBG282
hereabouts, VBP81
instrument, NN373
overthrow, VB415
joyful, JJ546
defection, NN1268
around, IN49
petulance, NN1674
preference, NN53
world, NN168
apprehending, VBG474
vague, JJ706
dare, VBP6
doubtingly, RB403
stranger, NN198
superiority, NN736
satisfactory, JJ66
conditional, JJ429
moreover, NN793
thinks, VBZ41
dimensions, NNS516
memories, NNS72
noon, NN1273
restoring, VBG407
unsuccessfully, RB391
power, NN236
intimate, JJ154
retains, VBZ117
forgetfulness, NN1716
stone, NN1622
joyfully, RB262
act, NN99
luck, NN1185
perturbed, JJ675
fervently, RB331
burning, VBG487
interruption, NN853
sneering, VBG456
lively, RB44
parties, NNS88
her, PRP$5
endeavouring, VBG237
complete, JJ126
wits, NNS565
fastidious, JJ103
survived, VBD354
with, IN10
buying, VBG102
handsome, JJ19
abused, VBD312
pull, VB428
october, NN776
rage, NN1572
flirt, VB423
impute, VB342
dirty, VBP40
agree, JJ54
detailed, JJ651
gone, VBN24
brotherly, RB205
exhausted, VBN153
certain, JJ75
accents, NNS496
am, VBP4
watches, NNS631
an, DT8
as, RB14
associating, VBG45
at, IN5
walks, NNS378
watched, VBD209
tranquil, NN1202
incautiously, RB315
tremble, JJ288
sanguine, JJ808
querulous, JJ741
incomprehensible, JJ684
disgraceful, JJ455
hursts, NNS115
accosted, VBN94
intimation, NN1631
disdained, VBD287
waived, VBN279
tricks, NNS600
sensibility, NN1484
original, JJ306
consider, VB17
caused, VBD359
importune, VB230
welfare, NN1531
reasoning, NN1867
causes, NNS285
friendless, JJ797
condescends, VBZ45
careful, JJ346
hunting, VBG489
superintended, VBD167
to, TO1
dressing, VBG338
smile, NN604
premeditation, NN1843
paying, VBG155
bourgh, FW3
appointment, NN1845
returned, VBN5
puzzled, VBN501
reader, NN535
candid, VBN56
revolving, VBG499
encroaching, VBG309
condition, NN1411
accompanying, VBG272
ingratitude, NN1904
laying, VBG103
joined, VBD88
large, JJ12
sang, NN676
desertion, NN1279
small, JJ155
past, JJ244
carriages, NNS322
honourable, JJ357
pass, VB106
destitute, JJ371
situated, VBN327
mayoralty, NN279
richard, NN847
clock, NN502
pliancy, NN233
prevailed, VBN135
undecided, JJ663
method, NN728
contrast, NN167
revealing, VBG412
full, JJ324
escaping, VBG414
indecision, NN1510
hours, NNS87
obtruded, VBN373
scheming, VBG311
concluding, VBG476
november, RB176
outdone, NN1238
compliance, NN921
experience, NN69
prior, JJ557
social, JJ679
cessation, NN875
sweetness, NN654
followed, VBD38
regiment, NN435
crowned, VBN425
beheld, VBD53
attendance, NN1006
wavering, VBG500
6, CD15
more, JJR1
door, NN116
company, NN164
spoilt, VBN149
rudeness, NN212
foundations, NNS551
objections, NNS431
cunning, NN575
keeping, VBG280
pleasing, VBG39
phillip, NN891
learn, VB123
upbraided, VBD309
male, NN421
beautiful, JJ106
prompt, JJ399
stated, VBN364
lives, NNS114
needlework, NN629
dislikes, VBZ20
accept, VB47
sense, NN227
disliked, VBD114
dress, VB136
condemn, VB396
information, NN72
respective, JJ875
dismissed, VBD342
glowing, VBG90
footman, NN447
unattended, JJ773
creature, NN180
plant, NN1658
plans, NNS261
disgraced, VBN222
pleaded, VBD257
flutter, NN1616
refuse, VB115
irreligious, JJ682
fender, NN1301
replied, VBD3
adorned, VBN187
passages, NNS344
incessantly, RB208
bowl, NN1769
rectory, NN788
trade, NN241
attitude, NN722
paper, NN1146
pang, NN1198
signs, NNS314
smiling, VBG75
its, PRP$7
saucy, NN1819
rapidly, RB147
termed, VBD374
symptoms, NNS131
ruining, VBG376
travelling, VBG351
lies, NNS557
propose, VB194
consign, VB283
barefaced, JJ68
likeness, NN1032
hereafter, NN797
always, RB26
assemblies, NNS23
denny, NN848
eloquence, NN1173
courses, NNS46
parishioners, NNS215
shocking, VBG37
begged, VBD163
resolute, JJ386
really, RB33
inquired, VBD65
missed, VBN447
research, NN1817
denoted, VBD334
darling, VBG509
occurs, VBZ35
attentions, NNS92
belief, NN1221
risen, NN276
proxy, JJ462
imagine, VB51
rises, VBZ91
reproach, NN1103
definition, NN1460
retained, VBD298
devoid, NN1883
sensations, NNS312
w, VBZ102
expedient, JJ547
clump, NN1308
arose, VBD201
rooted, VBN351
forwards, NNS595
purport, NN1094
number, NN145
preservation, NN1829
guess, VB85
heads, NNS532
guest, NN684
probity, NN1044
cradles, NNS618
heartedness, NN1555
rosings, NNS223
syllables, NNS174
justly, RB371
coppice, NN1650
relationship, NN893
immediate, JJ469
satirical, JJ191
consult, VB199
stairs, NNS226
grace, NN993
determined, VBN10
marriage, NN356
beneficial, JJ499
beforehand, NN357
defect, JJ338
livery, NN1667
sell, VB149
extorted, VBN402
self, NN292
reliance, NN264
also, RB65
recognizing, VBG445
seized, VBD340
play, VB110
yawn, NN716
plan, NN347
accepting, VBG265
singled, VBD219
unequal, JJ662
seize, VB187
sometimes, RB73
cover, VB151
fashions, NNS370
amusements, NNS232
despise, VB188
extractions, NNS571
defended, VBN207
condole, VB481
occupation, NN897
sideboard, NN1300
detaining, VBG233
writes, VBZ33
writer, NN806
failed, VBN183
unjustly, RB320
indifference, NN418
ordained, VBN372
blameable, JJ685
dependent, NN652
resent, VB233
farthing, VBG477
remedy, NN1500
preparing, VBG173
closely, RB349
compass, VB191
adhered, VBD154
distraction, NN1644
enemy, NN1676
tumult, NN112
cry, VB488
proclaim, VB244
kill, VB497
river, NN1627
approaching, VBG64
set, NN214
instituted, VBN169
sex, NN561
see, VB5
sea, NN1559
knees, NNS547
spirits, NNS57
seconded, VBN368
guinea, NN1785
rejecting, VBG264
avoidance, NN1671
hauteur, NN1025
acutely, RB123
knowing, VBG108
hardship, NN811
fidgety, NN1765
premises, NNS628
giddiness, NN1501
fidgets, NNS607
untouched, VBN438
death, NN956
diminution, NN1489
prospects, NNS352
last, JJ9
barely, RB347
connection, NN898
improves, VBZ99
poverty, NN1406
approve, VB72
ennight, NN800
bell, NN767
acted, VBD172
coincidence, NN1432
church, NN791
indefinite, JJ584
worthless, NN440
volubility, NN1575
monthly, JJ699
acceptance, NN1111
proprietor, NN903
extravagant, NN1553
evenness, NN631
firm, NN754
silenced, VBN491
fire, NN707
upstart, JJ876
mildness, NN1128
moderation, NN1475
awake, NN723
uncertain, JJ42
admire, VB65
forgetting, VBG136
westerham, JJ355
pressed, VBD150
leaning, VBG372
painfully, RB303
owed, VBD216
hoping, VBG291
agitation, NN1317
<>,  
ducks, NNS608
vow, FW5
owes, VBZ59
vanish, VB390
shorten, VB312
elevated, VBD165
shorter, JJR21
severest, JJS54
forgiveness, NN1877
mortifying, VBG62
displeased, VBN175
epithet, JJ899
viewing, VBG175
cucumber, VB426
necessity, NN967
infamous, JJ481
recent, JJ221
earnest, JJS20
regretting, VBG410
theatres, NNS382
comprise, VB499
politely, RB119
reap, VB486
admission, NN1813
eager, JJ416
parents, NNS336
crying, VBG293
depravity, NN1423
surprised, VBN93
demands, NNS259
couple, NN700
wives, NNS122
mischance, NN1373
suffering, VBG365
quest, NN717
abound, VB316
fortune, NN5
emergence, NN1364
nicholls, NNS193
formal, JJ370
imposed, VBN234
governess, NN1338
communications, NNS452
continue, VBP28
names, NNS108
spring, NN544
attics, NNS590
sight, NN134
curious, JJ294
eclat, NN1020
pale, JJ624
momentary, JJ551
stables, NNS524
shall, MD8
novelty, NN724
behave, VB250
seclusion, NN1721
inclination, NN614
be, VB1
dictates, NNS308
agreement, NN747
fretfulness, NN1723
concealed, VBD288
relating, VBG323
dictated, VBN477
by, IN8
discontented, VBN15
deserved, JJ263
deserves, VBZ27
forgave, VBP67
encumbrance, NN1548
into, IN13
awaited, VBD239
repaid, VBD237
criticisms, NNS543
spending, NN238
exposed, VBN405
submit, VB457
custom, NN1110
thirdly, RB232
unknowingly, RB309
suit, VB144
considerably, RB290
impudent, JJ838
elsewhere, RB124
inches, NNS135
graciously, RB180
undeserving, JJ715
line, NN427
considerable, JJ322
blowsy, JJ249
inducements, NNS627
nieces, NNS24
up, RP1
us, PRP10
un, NN352
mature, NN1166
storing, VBG349
reconcile, VB531
oddity, NN802
defined, VBN375
likewise, VB68
influence, NN329
consigned, VBN427
presided, VBD297
surveying, VBG438
graceful, JJ771
concealment, NN1434
stiffly, JJ868
fixing, VBG57
idleness, NN1444
scrape, NN1384
occasional, JJ362
condolence, NN1732
livings, NNS413
energetic, JJ192
oblige, VB118
faintly, RB247
sides, NNS449
hackney, NN1689
ago, IN44
lane, NN833
land, NN1873
phaeton, NN838
resign, VB502
age, NN252
walked, VBD55
conjectured, VBN446
train, NN1061
walker, NN512
fresh, JJ592
having, VBG27
partial, JJ177
existing, VBG393
amiss, JJ633
inferences, NNS358
seemed, VBD64
concerned, VBN171
young, JJ11
send, VB12
afflicting, JJ820
rejoined, VBD338
dislike, NN170
sent, VBD126
street, NN877
garden, NN831
panting, NN1758
balls, NNS194
mixing, VBG356
continued, VBD21
sakes, NNS37
detested, VBN500
marry, VB224
fewer, JJR14
try, VB340
race, NN1537
insolence, NN1459
unprofitable, JJ670
imply, VB392
odd, JJ35
business, NN74
expressed, VBD69
henceforth, NN1453
flowing, VBG274
advantageously, RB393
led, VBN199
gathered, VBD194
punch, NN1770
delivering, VBG344
acquit, VB287
let, VBN4
licence, NN1893
consideration, NN60
fifteen, JJ284
deduced, VBN290
great, JJ57
engage, NN41
receive, VB116
involved, VBN296
survey, NN1855
opinion, NN84
lucases, NNS76
makes, VBZ12
involves, VBZ106
complying, VBG134
distrusted, VBN467
desiring, VBG112
standing, VBG30
confidence, NN729
exciting, VBG423
archbishop, NN989
next, JJ14
eleven, JJ840
assuring, VBG10
doubt, NN296
feelingly, RB294
infamy, NN1706
occurred, VBN239
finery, NN208
carrying, VBG434
gladly, RB378
charity, JJ893
drily, RB295
retreated, VBD332
this, DT3
challenge, NN852
insists, VBZ67
pour, NN1724
thin, JJ287
bent, JJ492
process, NN718
lock, VB441
rode, VB50
transpired, VBN470
pieces, NNS26
high, JJ31
slit, NN1729
reynolds, NNS512
delay, NN659
procured, VBN217
animal, JJ289
establishment, NN43
pales, NNS393
greatly, RB74
singular, JJ255
pigs, NNS401
michaelmas, NN25
varied, VBD140
allow, VB96
pyramids, NNS539
counted, VBD368
move, VBP47
doubtful, JJ139
produced, VBN190
perfect, JJ125
chosen, VBN154
dispose, VB476
imperfection, NN646
meantime, NN1261
degrees, NNS486
volatility, NN1568
physicians, NNS149
designs, NNS417
billiard, NN1368
kiss, NN1718
pompous, JJ366
intelligent, NN290
traced, VBN226
whither, NN1086
sufficiently, RB76
jestingly, RB297
truth, NN2
accompanied, VBN128
beneath, NN1335
paler, NN1827
traces, NNS556
tents, NNS492
doing, VBG63
slightingly, RB116
society, NN389
books, NNS30
thirteen, JJ849
irritation, NN1136
differ, VBP37
wander, VB455
witness, VB376
acutest, JJS34
favours, NNS339
heartily, RB128
unprepared, JJ762
shut, VBN26
inferiority, NN682
surely, RB25
tempt, VB61
assiduously, RB405
could, MD9
length, NN437
alighted, VBN428
serenity, NN1390
removing, NN1710
staggered, VBN367
blown, VBN527
scene, NN1085
owned, VBD268
occurrences, NNS304
affliction, NN1740
owner, NN256
behaves, VBZ92
courted, VBN382
travelled, VBD346
behaved, VBN358
painful, JJ421
accompany, VB360
chagrin, NN1499
beatings, NNS569
vouch, JJ339
tortured, VBN523
communicativeness, NN1632
repented, VBD355
sooner, NN360
misunderstand, VB206
collecting, VBG399
accusing, VBG260
false, JJ353
trusting, VBG225
gentle, JJ423
clearly, RB267
dishes, NNS284
studying, VBG59
awed, VBN206
patroness, NN822
injunctions, NNS497
disturbers, NNS501
accuracy, NN702
manor, NN246
courtesy, NN1027
device, NN568
fervent, NN1483
bred, VBN69
stronger, JJR10
face, NN362
perceiving, VBG232
wounded, VBD255
fact, NN235
vacancy, NN1836
bring, VB54
unconnected, VBN311
rough, JJ760
brink, NN1657
principal, JJ92
nominally, RB189
pause, NN392
conciliate, VB404
should, MD7
riding, VBG193
wretchedness, NN578
hope, VBP12
meant, VBD30
listened, VBN58
means, NNS73
familiar, JJ197
irreproachable, JJ890
lucky, JJ235
listener, NN908
unalterable, JJ892
antagonist, NN851
summon, VB410
intermission, NN461
disapprobation, NN1168
infliction, NN1405
rein, NN1897
allusion, NN1029
exerted, VBN387
bingleys, NNS294
packed, VBN465
error, VB311
insulting, VBG375
mien, NN156
thoughtlessness, NN1232
injustice, NN565
gardiners, NNS374
barbarously, RB256
invited, VBN123
etc, FW1
doorway, NN1319
figures, NNS197
webbs, NN1337
ll, VBP83
quitted, VBD218
conclude, VBP33
authorised, VBN287
laity, NN1054
whispering, VBG121
steadiness, NN1550
poured, VBD113
feather, NN1542
waste, VB515
recurring, VBG440
neighbour, JJ71
dovedale, NN1604
banish, VB358
wearied, VBN458
neices, NNS28
uncertainty, NN1815
propensities, NNS444
tenor, NN1315
ostentatious, JJ614
denial, NN655
concealing, VBG304
balm, NN1725
ball, NN91
wisest, JJS17
upon, IN18
proficiency, NN1359
infinite, JJ864
pleasantly, RB59
off, RB58
colour, NN692
command, NN293
drawing, NN533
lest, JJS16
newest, JJS32
negligence, NN1349
less, RBR1
moments, NNS204
rambled, VBD143
rooms, NNS74
gentlest, NN1582
afflicted, JJ796
generous, JJ396
clergyman, NN792
wet, NN464
fluctuating, VBG462
increased, VBD109
checking, VBG426
increases, VBZ96
five, CD3
incessant, JJ507
pies, NNS162
uncompanionable, JJ598
undertaking, VBG483
become, VB160
amendment, NN584
surest, JJ334
choosing, NN726
transport, NN1284
avoid, VB113
delightful, JJ74
does, VBZ9
passion, NN1267
forgiven, VBN525
unassailed, JJ134
selecting, VBG257
posterity, NN1019
imaginary, JJ166
coldly, RB57
stage, NN1748
gained, VBN133
repaired, VBN109
sister, NN216
sagacity, NN1871
merited, VBN383
foretold, VBN330
insufficient, JJ38
alliance, NN685
letters, NNS171
unfavourable, JJ765
catherine, NN192
roads, NNS375
unfavourably, RB337
mere, JJ448
boisterously, RB254
justifying, VBG91
spots, NNS527
startled, VBD224
troubling, VBG120
naturally, RB188
disengaged, JJ319
surpassing, VBG17
taciturn, NN1018
shyness, NN1275
construction, NN1665
detestable, JJ719
wretchedly, JJ686
places, NNS157
deficiency, NN424
triumphant, NN1647
undutiful, JJ528
placed, VBN146
convince, VB301
profusion, NN1541
bearing, NN1280
irish, JJ202
rightly, RB334
accounts, NNS301
contribute, VB305
inn, NN1511
hearers, NNS217
endeared, VBN67
compared, VBN35
prosperous, JJ446
variety, NN603
dilatory, JJ816
trials, NNS276
lately, RB173
repeat, VB344
monday, NN22
chance, NN98
capers, NNS559
exposure, NN1451
transports, NNS584
lasted, VBN429
rule, NN638
mercenary, JJ604
confinement, NN1851
villainous, JJ809
expostulation, NN671
child, NN607
desirable, JJ209
rapid, JJ215
mansion, NN907
wholly, RB132
prognostics, NNS117
effectually, RB384
neighbours, NNS253
edward, JJ846
worth, JJ121
compassion, NN58
tickets, NNS247
bewildered, JJ787
abhorrence, NN1212
exaggerate, VB535
red, JJ229
whist, VB242
triumph, NN600
monotonous, JJ388
occasioned, VBN342
established, VBN65
irrevocably, RB400
consequent, JJ880
above, IN23
neat, JJ615
told, VBD5
notions, NNS234
kindred, VBN516
equals, NNS278
simpers, VBZ113
protection, NN1762
pursuit, NN472
obtained, VBN152
daughter, NN81
study, NN598
cogent, JJ844
ductility, NN261
postponed, VBN487
doleful, JJ529
secure, NN345
angrily, RB215
highly, RB41
uncivil, JJ345
opportunities, NNS445
glance, NN844
total, JJ486
sarah, VBZ116
chooses, VBZ6
seriously, RB225
abusing, VBG96
aware, JJ236
separates, VBZ81
continual, JJ573
striving, VBG472
word, NN50
wore, VBD33
err, VB417
work, NN539
refusing, VBG259
worn, VBN324
ere, RB235
unshackled, VBN73
overspread, IN52
indicated, VBD335
pulvis, NN1782
bennets, NNS75
indifferent, JJ379
gaped, VBD171
recovery, NN683
inhabitants, NNS58
agony, NN1210
interview, NN1124
disappoint, VB345
ordinary, JJ307
resignation, NN1138
lad, NN1251
after, IN20
lay, VBP57
law, NN151
arch, NN1361
misleads, VBZ52
retail, VB239
hasty, VBN55
retort, VB332
haste, NN450
order, NN400
modesty, JJ302
office, NN101
devote, VB498
consent, NN48
satisfied, VBD74
proportionate, JJ826
misconduct, NN1583
younge, NN1447
somewhere, RB127
precipitate, NN812
then, RB28
them, PRP7
affected, VBN121
safe, JJ175
break, VB266
repulsive, JJ680
shameful, JJ290
they, PRP9
fear, VB52
reasonably, RB259
rocks, NNS388
relished, VBN528
reasonable, JJ603
lifted, VBD351
schemes, NNS182
forty, VB521
fellows, NNS245
strangers, NNS420
remorse, NN1401
forth, NN1189
impudence, NN1784
gardiner, NN609
disputes, NNS180
forcibly, RB213
amazement, NN1016
shrubbery, NN686
recovering, VBG114
created, VBD104
caprice, NN68
oppose, VB293
render, VB81
delicious, JJ698
rated, VBD243
opportunity, NN337
seduction, NN1738
plentiful, JJ824
airs, NNS97
observations, NNS206
john, NN1496
paltry, NN567
happily, RB45
luncheon, NN1532
diversified, VBN322
rejected, VBD144
scenes, NNS300
seated, VBN136
guilt, NN773
domestics, NNS455
contrasted, VBN496
solely, RB79
respecting, VBG392
portraits, NNS184
sportsmen, NNS613
manner, NN80
impelled, VBN357
contents, NNS152
forced, VBN86
quieter, JJ112
strength, NN262
genuine, JJ520
convenient, JJ217
latter, NN496
subjects, NNS155
quieted, VBD37
completed, VBN456
circles, NNS298
nobody, NN199
maiden, NN1336
involving, VBG378
proverb, NN1021
lambton, NN1610
grave, JJ210
peevish, JJ533
calculated, VBN60
adieus, NN1588
newcomers, NNS10
accounted, VBD261
aunt, NN430
notion, NN1162
fitted, VBN198
reserve, NN67
decidedly, RB136
lewis, FW4
nephew, NN971
resemblance, NN1022
just, RB7
guidance, NN854
industriously, RB395
deepest, JJS45
pursuing, VBG388
adequate, JJ798
do, VBP2
loved, VBD23
de, IN45
leisure, NN346
degradation, NN1393
watson, NN444
happiest, NN1174
unworthily, JJ491
prefaced, VBD210
runs, VBZ109
covering, VBG106
exchanged, VBN454
repugnant, JJ777
complimenting, VBG252
explanations, NNS624
inns, NN1691
miserably, RB356
observer, NN1429
observed, VBD80
miserable, JJ271
diffidence, NN1089
away, RP4
gentleman, NN152
unable, JJ48
drawn, VBN388
we, PRP12
terms, NNS210
admiring, VBG198
unfold, VB413
disservice, NN1093
kitchen, NN820
received, VBD77
ill, VB33
matrimony, VB120
regarded, VBD227
ingenious, JJ69
tone, NN558
excess, NN894
dawdled, VBN265
speak, VB57
gratitude, NN340
unhappily, JJ380
condemned, VBN304
warmth, NN488
duties, NNS316
repelled, VBN524
families, NNS4
easy, JJ83
attacked, VBD26
concerning, VBG192
excite, VB297
coherent, JJ788
harboured, VBN395
brightening, VBG465
gracious, JJ569
applied, VBN125
spasms, NNS568
publicly, RB202
twelvemonth, JJ182
air, NN148
rationally, RB274
abrupt, JJ756
applies, VBZ61
aid, NN1449
voice, NN559
mistake, VBP9
palings, NNS392
discourses, NNS222
comparative, JJ308
confirmed, VBD176
descent, NN1038
perform, VB215
authorise, VB474
sheltered, VBN337
unconcern, JJ293
independent, JJ543
fuss, JJ841
springing, VBG88
swell, VB112
rail, VB212
evil, FW2
hand, NN124
liberties, NNS640
confiding, VBG276
blamed, VBD375
kept, VBN167
humble, JJ377
tranquilly, RB404
mamma, NNS21
tormenting, VBG261
impertinent, NN332
the, DT2
musical, JJ195
repose, NN1731
farther, JJR12
victim, NN1838
adding, VBG122
hills, NNS509
belongs, NNS69
board, NN1774
boxes, NNS466
injuring, VBG168
disadvantage, NN335
disinclination, NN984
night, NN303
invaluable, JJ196
security, NN1231
sends, NNS635
flatter, VBP5
eyeing, VBG243
born, VBN186
bore, VBD174
ungracious, JJ589
congratulate, VBP77
unavoidable, JJ725
misled, VBN362
asking, VBG42
honoured, VBN166
denied, VBD230
participation, NN1428
illustration, NN1031
procure, VB325
provocations, NNS436
peep, NN1269
dines, VBZ114
theirs, VB130
months, NNS323
dined, VBN81
cherish, VB90
impenetrably, RB380
considerations, NNS605
faint, NN1298
wasting, VBG34
profession, NN690
delighted, VBN8
rendering, VBG322
speediest, JJS53
formidable, JJ620
strangely, RB387
deception, NN1119
deliberated, VBN376
fight, VB479
derision, NN1077
accordingly, RB293
way, NN57
was, VBD8
war, NN1600
lowest, JJS44
overjoyed, VBN281
diligence, NN1760
becoming, VBG61
converse, VBP24
arrear, NN1909
consolatory, NN1701
observances, NNS324
elderly, JJ750
astonished, VBN100
true, JJ163
absent, VBP41
overruled, VBN460
anew, RB333
inquiring, VBG401
promises, VBZ42
scandalous, JJ422
wretched, JJ792
postscript, NN749
guessed, VBD330
subsist, VB333
promised, VBD15
curiosities, VBZ108
disputable, JJ638
dying, VBG85
meanness, NN572
falsely, RB338
holding, VBG142
test, NN1890
unwilling, JJ141
shrink, VB492
brothers, NNS274
welcome, JJ344
polite, JJ312
assiduous, JJ534
scores, NNS490
dissipation, NN1445
bestowed, VBD231
interval, NN911
together, RB97
reception, NN1058
matlock, NN1602
songs, NNS181
broke, VBD317
dance, VB43
horseback, NN455
grateful, JJ358
polluted, VBN509
devoted, VBN225
soothed, VBD307
certainly, RB19
dissatisfied, JJ145
brown, JJ783
charles, NNS141
trouble, NN758
perceived, VBD238
presented, VBN184
turns, NNS340
ascertaining, VBG23
p, NN1814
upper, JJ78
revolution, NN1903
regret, JJ527
regained, VBD244
discover, VB98
cost, VBN209
scarcity, NN173
perplexity, NN1235
perusing, VBG362
appear, VB170
assistance, NN119
uniform, JJ172
shared, VBD281
oaks, NNS536
appeal, NN1028
satisfy, VB259
muslin, NN879
disclaim, VB380
appears, VBZ50
change, VB181
sending, VBG508
impatiently, RB9
trial, NN998
usually, RB114
petitioned, VBD371
matrimonial, JJ605
retired, VBD112
marked, VBD206
sincerely, RB242
puffed, VBN158
unappeasable, JJ479
lizzy, JJ28
market, NN282
prove, VB220
captivate, VB477
beneficence, NN787
live, JJ33
wonderfully, RB42
sighted, VBN320
intently, RB241
entrance, NN158
repentance, NN1297
envelope, NN1144
clue, NN1739
commissioned, VBD343
hesitated, VBD295
decked, VBD356
hardest, JJS19
can, MD3
heart, NN133
hears, VBZ98
pauses, NNS275
attribute, VBP63
stoutly, RB40
paused, VBD91
heard, VBP1
detaching, VBG394
chin, NN1523
recollect, VBP70
occur, VB231
productive, JJ223
dispositions, NNS90
discussion, NN1140
write, VBP50
nowhere, RB102
allowable, JJ606
economy, NN1108
staircase, NN1123
sacrifice, NN672
disgusted, VBN212
imputing, VBG368
remember, VB99
whenever, WRB5
explicit, JJ845
rather, RB62
offend, VB87
serving, VBG13
neighbourhoods, NNS159
indeed, RB22
forfeit, VB351
displayed, JJ688
consulting, VBG227
bewitching, VBG234
playful, JJ110
ended, VBD82
genteel, JJ282
cold, NN501
still, RB17
birds, NNS599
freckled, JJ701
trifle, NN966
acknowledge, VB108
selves, NNS535
vicinity, NN1901
inflicted, VBN346
forms, NNS29
window, NN136
spacious, JJ755
dreadfully, RB330
atonement, NN801
correspondence, NN1149
introduce, VB28
liberality, NN1715
half, VBN11
not, RB5
courtship, NN1177
now, RB20
provision, NN1183
discuss, VBP55
nor, CC4
concerto, NN383
intrigues, NNS577
thankful, JJ311
servant, NN449
january, JJ297
drop, NN925
entirely, RB98
vexation, NN359
prompted, VBN293
directing, VBG327
hurried, VBD278
year, NN31
naming, VBG444
avoided, VBN379
amusement, NN90
circumspection, NN94
digressions, NNS251
opened, VBN97
space, NN1708
hastily, RB302
increase, NN933
rational, JJ331
housemaid, NN583
receiving, VBG200
shows, VBZ26
inevitably, RB233
intruding, VBG158
advantages, NNS158
counteracted, VBN194
obligation, NN1396
inevitable, VB309
card, NN542
care, VB63
chose, VBD70
contemplation, NN895
transition, NN1009
fonder, JJR13
british, JJ381
honest, JJS35
invitation, NN19
thankfulness, NN1345
profess, NN985
blind, IN32
benefited, VBN299
striking, JJ474
omitted, VBN241
comprised, VBD234
directly, RB90
impossible, JJ23
message, NN1487
drove, VBD265
size, NN666
impetuous, JJ790
inconceivable, JJ829
checked, VBD138
silent, JJ203
caught, VBN87
vehemence, NN1889
frame, NN1801
friend, NN93
larder, NN1517
mostly, RB353
that, IN1
brains, NNS572
inmates, NNS270
than, IN14
affronted, VBN385
transferred, VBN274
discernment, NN1060
fruits, NNS538
profuse, NN589
respectability, NN1225
troublesome, JJ565
angel, NN270
remained, VBD56
punctually, RB260
anger, NN1034
breakfast, NN463
recover, VB406
offering, VBG132
overcoming, VBG371
terrific, JJ810
swelled, VBN424
authorising, VBG428
begin, VB95
price, NN1379
plainer, NN1117
envying, VBG298
forever, RB166
steady, JJ144
mrs, NN16
ordination, NN782
fifty, JJ635
discovered, VBN34
eastbourne, NN1754
gratified, VBN44
fifth, NN202
ground, NN1137
busily, RB363
title, NN1737
proportion, NN483
staid, VBD364
only, RB23
incivility, NN1244
duel, NN1734
truly, NN963
bracelets, NNS189
prided, VBN381
honours, NN1051
stroll, NN1302
seldom, NN1209
effectual, JJ596
husband, NN121
burst, NN1188
unfit, NN1485
sport, VB338
reputed, VBN312
concern, NN504
expeditiously, RB360
suspects, VBZ75
corroboration, NN1472
complexion, NN495
between, IN24
justified, VBN205
notice, NN369
prettiest, JJS11
blame, NN977
unbending, JJ776
hurts, VBZ71
article, NN1299
discernible, JJ612
resides, VBZ44
reasonableness, NN349
unseldom, JJ616
enabling, VBG494
haunch, NN1841
comes, VBZ5
learning, VBG455
proved, VBN140
cares, NNS553
informed, VBN124
cared, VBD159
disclosed, VBN18
solaced, VBD128
suspected, VBN99
realities, NNS493
coquetry, NN1120
these, DT9
freely, RB94
implacable, JJ341
raptures, NNS34
commanded, VBN284
northward, IN58
develop, VB25
innocently, RB392
inquire, VB237
gentlemen, NNS48
inquiry, NN713
campful, NN1521
noble, JJ87
pedantic, JJ201
finish, VB184
closest, JJS27
enjoyment, NN505
fruit, NN1684
unasked, VBD220
complained, VBD252
authoritative, JJ453
severe, JJ193
demean, VB214
alleviate, VB484
charged, VBD241
generally, RB92
valuable, JJ161
speed, NN1775
mingling, VBG187
thinking, VBG4
improvement, NN560
allude, VBP60
treatment, NN301
struck, JJ117
real, JJ165
read, VBP18
offence, NN1193
early, JJ96
quickness, NN56
listening, VBG50
using, VBG239
execution, NN644
lady, NN12
conversing, VBG58
heightened, VBN278
pounds, NNS71
engross, VB472
benefit, NN537
t, NN87
fully, RB183
animating, NN1064
twelve, JJ82
falsehood, NN1206
apartments, NNS519
duration, NN1397
passions, NNS591
perverse, NN1240
assembly, NN128
dejection, NN1142
epsom, NN1690
sixth, NNS61
equivalent, NN1167
regimentals, NNS111
uneasy, JJ234
innocence, NN1884
partiality, NN608
handsomest, NN835
throw, VB19
brighton, NN1519
comparison, NN668
intolerable, JJ170
boldly, RB397
fell, VBD187
remonstrance, NN1433
conceals, VBZ16
testimony, NN1455
deranged, VBD344
dazzling, VBG429
verily, RB201
nowadays, NNS518
your, PRP$6
forwarded, VBN442
prepare, VB260
assumed, JJ655
loo, NN534
suppositions, NNS40
start, VB405
forwarder, JJR22
low, JJ253
lot, NN634
politeness, NN404
covies, NNS612
delayed, VBN236
pitched, VBN517
trying, VBG238
proposal, NN577
hire, VB228
circulation, NN157
default, NN420
lawfully, RB332
describe, VBP45
moved, VBD92
unwelcome, JJ599
green, JJ613
thither, RP5
valid, JJ830
evenings, NNS89
you, PRP3
forcing, VBG363
poor, JJ30
cautioning, VBG226
forgiving, JJ867
peak, JJ744
suited, VBD73
pool, NN827
building, NN1310
untidy, JJ248
doubted, VBN220
embracing, VBG162
since, IN17
pointing, VBG329
groundwork, NN1413
month, NN653
ceased, VBD207
thoughtful, JJ644
bakewell, NN1660
superciliousness, NN326
dreadful, JJ434
pledged, VBN476
solicit, VBP74
resounding, VBG422
confidential, JJ436
very, RB12
horror, NN1461
coloured, VBD284
minded, VBN227
decide, VB268
austerity, NN1797
heaven, JJ50
deficient, VB73
ceaseless, NN1596
abatement, NN1143
streets, NNS488
unheard, JJ467
casual, JJ678
bass, NN761
conscience, NN1056
witnessed, VBD166
emotions, NNS359
learned, VBD263
acknowledgments, NNS153
entailing, VBG346
witticisms, NNS167
loose, JJ902
answers, NNS475
trunk, NN1506
praises, NNS170
strong, JJ286
advisable, JJ273
conviction, NN661
inspired, VBN359
losses, NNS283
amount, NN242
inspires, VBZ72
family, NN189
requiring, VBG151
courtier, NN1199
disgusting, VBG389
put, VB84
aimed, VBN155
attendant, NN1816
takes, VBZ36
amaze, VB267
probabilities, NNS453
contains, VBZ68
unpleasant, JJ471
taken, VBN7
injury, NN1008
excuse, NN308
deigned, VBD16
impulse, NN480
hurry, NN593
pretense, NN881
respected, VBN260
sportive, JJ908
offended, VBN132
excessively, RB63
nine, CD9
fronted, VBD270
parasol, NN1598
history, NN923
cows, NNS408
exclude, VB503
firmly, RB324
clarke, NN445
stayed, VBD258
foreseen, JJ591
unlucky, JJ59
reject, VB218
tried, VBD141
rude, JJ558
derived, VBD283
tries, NNS348
derives, VBZ53
a, DT1
contrived, VBD98
renewing, VBG430
dread, NN1750
healthfulness, NN1304
banks, NNS510
bustle, NN1276
help, VB70
soon, RB15
held, VBD105
comfortless, JJ539
seeming, VBG65
reluctance, NN1902
actually, RB36
absence, NN760
astonish, NN929
annual, JJ825
finer, JJ257
fool, NN1525
evening, NN78
food, NN612
undergone, VBN520
anticipated, VBN235
foot, NN1806
slighted, VBN38
occasions, NNS179
intervene, VB508
bless, NN1456
did, VBD22
stopped, VBD197
referred, VBN377
heavy, JJ369
restless, JJ718
beyond, IN36
absurdity, NN1567
event, NN197
veneration, NN860
unnatural, JJ646
surrounded, VBN316
meditating, VBG77
publish, VB323
howsoever, NN1744
engrossing, VBG203
safety, NN1719
outrun, VB438
gardener, NN1640
drink, VB91
dictatorial, JJ451
dirt, NN475
gamester, NN1746
houses, NNS357
reason, NN481
brightest, JJS21
ask, VB44
earliest, JJS3
curtailed, VBD319
diffused, VBN521
unbecoming, JJ763
perceptible, JJ806
persists, VBZ64
curtsey, VB424
bridegroom, NN1256
cheering, VBG197
expecting, VBG374
blush, NN1091
probability, NN328
quarreled, VBD162
reflected, VBD289
elder, NN1342
unexpected, JJ395
miss, JJ98
fearing, VBG167
horse, NN138
perturbation, NN1615
station, NN964
scheme, NN456
bowed, VBD90
storm, VB533
minutest, JJS33
dissemble, VB294
inventing, VBG319
hundred, JJ138
kindly, RB175
performers, NNS94
miseries, NNS623
anticipate, VB372
hesitating, NN924
bride, NN1243
alluding, VBG431
store, NN438
toward, IN30
deciding, VBG454
affirmative, JJ475
substantial, JJ264
sentences, NNS458
lie, NN1875
suddenness, NN1152
flaming, JJ766
scotland, VB466
officers, NNS98
labour, VB435
useless, JJ449
comprehended, VBN407
decorums, NNS386
towards, NNS42
hired, VBN494
comparisons, NNS637
approved, VBN180
gracechurch, JJ586
clear, JJ186
popularity, NN163
unreasonable, JJ412
unreasonably, RB210
latest, JJS50
perseverance, NN1118
heavens, NNS267
distressing, VBG217
northern, JJ610
stubbornness, NN1362
unwillingly, RB125
pretty, RB56
hardened, VBN417
circle, NN759
meanwhile, RB237
imparted, VBD331
feels, VBZ17
grew, VBD83
pretending, VBG247
during, IN26
chimney, NN904
exhibiting, VBG246
sacrificed, VBN286
lament, VB313
adhering, VBG129
alteration, NN869
vingt, NN351
vestibule, NN1121
superintends, VBZ51
recommendations, NNS365
forster, VBP29
courteous, JJ160
throwing, VBG195
close, RB84
probable, JJ503
horrid, JJ120
pictures, NNS515
firmest, JJS8
familiarity, NN1891
won, VBN229
cottagers, NNS415
woe, NN1556
probably, RB138
conditions, NNS583
pictured, VBD198
missing, VBG406
distinguish, VB378
fluently, RB398
abruptly, RB142
both, DT13
secrets, NNS477
felicitations, NNS338
forgotten, VBN197
liked, VBN54
ridiculing, VBG250
headed, VBN323
manners, NNS49
whatever, NN518
unfolded, JJ181
likes, NNS20
complied, VBN127
unrestrained, JJ490
described, VBD293
stamp, NN849
damp, NN1778
coarse, JJ784
collected, VBN401
instructing, VBG336
delights, NNS248
dialogue, NN632
lived, VBD60
partly, RB298
else, RB34
recalled, VBD300
compromised, VBN492
bidding, NN1271
utmost, JJ410
look, VB77
pace, NN485
while, IN21
smart, JJ230
animated, JJ510
guide, NN1057
pack, NN319
overlooked, VBN170
ready, JJ227
clerical, JJ488
belong, VBP66
discredit, VB416
grand, JJ541
shan, NN1824
composition, NN805
used, VBN78
temporary, JJ774
censure, NN536
decency, NN1709
ceremonious, JJ457
older, JJR17
anxious, JJ140
consistency, NN1312
weakest, JJS52
settlements, NNS321
overflows, NNS632
quarters, NNS265
roasted, VBN499
useful, JJ392
uselessly, JJ753
retirement, NN858
wounding, VBG369
exercising, VBG289
pronouncing, VBG497
questioned, VBN163
remaining, VBG156
march, NN1255
showing, VBG269
sharers, NNS457
game, NN543
dearly, RB164
overthrown, JJ739
defied, VBD86
inviting, VBG46
signal, NN618
clapham, VB468
provoking, VBG66
popular, JJ442
softness, NN1370
sketch, VB275
parade, NN1752
ashworth, NN1781
some, DT4
urgent, JJ695
lips, NNS80
experienced, VBN177
delivered, VBN275
describing, VBG199
exceeding, VBG481
conditionally, RB216
forgets, VBZ82
folios, NNS236
negatived, VBN143
measures, NNS432
run, VB163
anecdotes, NNS410
hypocritical, JJ47
lakes, NNS387
stem, VB480
step, NN132
nerves, NNS15
abroad, RB335
shine, VB223
reappear, VB449
aye, VBZ8
silence, NN231
disclosure, NN1547
within, IN22
nonsense, IN12
ensue, VB478
conscientious, JJ364
imaginations, NNS391
placing, VBG342
cherished, JJ674
metcalf, NN1339
healthful, JJ602
frost, NN1311
properly, RB182
alive, JJ803
branch, NN209
reel, NN680
dull, RB319
ceremonies, NNS212
persisting, NN1865
lowness, NN1749
stumbling, VBG418
commiseration, NN1697
accustomed, JJ758
similar, JJ183
curricle, NN1666
ordered, VBD134
abruptness, NN1621
mindful, JJ855
willed, VBN386
surmise, NN1003
objection, NN18
fears, NNS47
application, NN381
nay, RB112
smiles, NNS55
draw, VB46
pretended, VBD313
william, NN45
rested, VBN479
smiled, VBD78
restrained, VBD250
e, NN1794
required, VBN108
resolving, VBG201
neighbouring, VBG492
bribe, VB505
everywhere, RB69
dismission, NN1139
rencontre, NN1376
cheerful, JJ233
sixpence, NN1761
go, VB11
arrogance, NN1412
friendly, RB80
prudence, NN1230
wave, NN1104
felicity, NN358
telling, VBG145
yourselves, NNS443
kindled, VBD369
recollected, VBD233
positions, NNS511
compassionate, JJ232
inspection, NN1639
comforts, NNS311
carter, NN443
waking, VBG154
ardent, NN1678
languor, NN1084
plays, VBZ100
paintings, NNS521
colonel, NNS93
collins, NNS207
completion, NN1858
melancholy, JJ509
following, JJ44
conceited, VBD68
indolence, NN1713
convert, VB134
lieutenant, JJ402
withdrawing, VBG270
entailed, VBN95
justice, VB173
repel, VB463
commendable, JJ359
examining, VBG341
foresee, VBP84
addresses, NNS330
danger, NN452
win, VB198
manage, VB256
apprehensive, JJ731
assertion, NN928
addressed, VBD14
wit, NN419
stupider, JJ128
singing, VBG109
unpleasantly, RB322
agreeably, RB110
remains, VBZ31
congratulated, VBD222
contentment, NN1264
agreeable, JJ73
depreciate, VB433
cheeks, NN1395
beauteous, JJ728
started, VBD164
becomes, VBZ84
testified, VBD111
charming, VBG36
inattentive, JJ585
appointed, VBN391
salad, NN1516
ride, VB179
crossed, VBN301
servants, NNS7
vexatious, JJ618
meet, VB27
dropt, VBN484
withdrew, VBD54
admirer, NN1265
atone, NN1468
sought, VBN238
wonderful, JJ439
undeceive, JJ711
hesitate, VB319
boasting, VBG209
defective, JJ367
picturesque, NN698
poetry, NN611
arrangement, NN1348
missent, VBN445
sentiments, NNS113
instinctively, RB304
immoral, JJ683
fare, NN1733
farm, NN458
fatigue, NN1065
trees, NNS397
comprehends, NNS529
revered, JJ671
favourites, VBZ104
bathing, VBG421
including, VBG240
mentioned, VBD59
converting, VBG128
brittle, RB364
exclusion, NN388
thence, NN1755
shewed, VBD358
stout, NN613
hands, NNS205
front, NN1309
masters, NNS409
laconic, JJ349
magnitude, NN1421
mode, NN387
pools, NNS327
shaking, VBG178
prevailing, NN1502
ankles, NNS125
attachments, NNS478
pursuits, NNS485
constitute, NN1863
exceeded, VBD152
separating, VBG337
special, JJ901
gallant, JJ208
secretly, RB234
entertainment, NN701
confess, VB222
cause, NN990
jilt, VB346
humiliating, JJ554
undo, IN54
attending, VBG125
completely, RB163
intruder, NN507
sneer, NN1039
untinctured, VBN437
befriended, VBD303
determining, VBG20
route, NN1606
keep, VB32
counterpart, NN1354
insensible, JJ560
timed, JJ458
mankind, NN1538
glories, NNS491
succeeds, VBZ28
pitied, VBN270
possessing, NN1346
powerful, JJ443
forego, NN1712
indisposed, VBN331
seasonable, JJ535
gloried, VBN432
signify, VB430
eminence, NN1619
precisely, RB165
quality, NN317
long, RB6
bears, VBZ29
revealed, VBN374
adopted, VBN411
attach, VB362
attack, NN622
ankle, NN205
perfectly, RB101
fairest, JJS29
prone, JJ164
unsuspicious, JJ687
punish, VB201
exactly, RB111
apologise, VB219
herself, PRP11
aught, NN1581
assents, NNS239
yawned, VBD145
beg, NN299
bed, NNS129
claim, NN942
providing, VBG211
insignificance, NN918
distinguished, VBN43
exhibit, VB286
enforced, VBD294
captivation, NN573
thwarted, VBN307
unchanged, JJ888
torment, VB473
portrait, NN1023
need, NN808
constrained, JJ476
assurances, NNS306
complacency, NN315
sings, NNS514
pursued, VBN340
pianoforte, NN545
able, JJ173
instance, NN809
sufficiency, NN1683
battled, VBD363
adieu, JJ600
intentions, NNS176
connected, VBN210
but, CC2
counterbalance, VB391
mechanically, RB340
awe, JJ733
gallery, NN689
enumerating, VBG215
consequences, NNS603
spleen, JJ608
penitent, JJ673
proceedings, NNS562
enjoyments, NNS499
affair, NN772
reprehensible, JJ313
violation, NN1480
soldiers, NNS464
obsequious, JJ903
shield, VB537
partners, NNS56
envy, NN1586
inherited, VBD72
attained, VBN352
employed, VBN19
gratify, VB367
doubting, VBG295
recollecting, VBG358
commendation, NN274
seizing, VBG488
magistrate, NN1351
ascended, VBD272
endless, JJ804
evident, JJ171
shy, JJ769
oppressively, RB374
coaxed, JJ526
overflowing, VBG448
contain, VB31
flogged, VBN161
unfrequently, RB289
widow, NN785
burying, VBG171
legacy, NN1440
desperate, VB436
operated, VBN412
luckiest, JJS51
intending, VBG262
tend, VBP68
written, VBN192
surmises, NNS41
horrible, JJ793
tens, NNS489
neither, CC6
tent, JJ729
attention, NN154
sorely, RB385
importance, NN286
hurrying, VBG219
interfere, VB200
spared, VBN268
merry, JJ704
precious, JJ789
haughty, NN265
undetermined, JJ882
limits, NNS596
minds, NNS3
admit, VB335
lofty, JJ751
journey, NN1190
cordial, JJ109
tuesday, NN748
habitual, JJ489
quit, VB133
addition, NN764
discrimination, NN1645
thanked, VBD120
overthrowing, VBG138
slowly, RB143
treat, VB247
shoulders, NNS636
senses, NNS405
retrospective, JJ794
piquet, NN628
consequential, JJ394
shameless, NN1414
intimidate, VB384
owns, VBZ39
examined, VBN115
hearted, VBN426
began, VBD17
captivated, VBN413
parts, NNS19
speaker, NN917
incumbent, NN874
party, NN36
eccentric, JJ863
appearances, NNS350
effect, NN889
colouring, VBG308
discouraged, VBN248
frequently, RB152
poultry, NN1334
scarcely, RB100
reflection, NN106
i, NNS6
obstacles, VBZ94
well, RB4
amends, NNS35
taller, JJ258
insinuating, VBG467
accurate, NN1285
mistaken, VBN57
dose, NN845
sources, NNS552
mistakes, NNS367
distant, JJ70
advertised, VBN514
laurel, NN1291
skill, NN123
gouldings, NNS589
chaperon, VB431
ought, MD5
warrant, NN1566
indignation, NN386
clouded, VBN348
fate, NN1564
acceding, VBG482
intimates, VBZ107
immediately, RB11
amply, NN938
loss, NN734
glazing, VBG339
necessary, JJ162
lost, VBN119
ring, VBG164
sized, JJ627
lose, VB67
page, NN714
therein, NN1442
shed, VBD318
belonged, VBD175
library, JJ77
motive, NN477
shew, VB509
redress, NN939
home, NN251
liking, NN1236
broad, JJ414
objected, VBN329
reaching, VBG439
imperfectly, RB348
prohibited, VBN472
misrepresentation, NN1404
refuge, NN1771
freedom, NN1052
recognized, VBN439
compatible, JJ498
tongue, NN687
persuaded, VBN261
equally, RB46
xxBeGiN142xx, xxBeGiN142xx
previously, RB312
vulgarity, NN1900
additions, NNS473
endeavours, NN1394
doubtless, RB310
rejoice, VB389
impatience, NN1076
lagged, VBD352
noticed, VBN201
crushing, VBG161
north, NN20
blaming, VBG229
gain, VB365
ear, VBP49
minutely, RB284
he, PRP1
grieve, VB425
sufferer, NN1825
godson, NN952
cruel, JJ211
empty, JJ601
heiress, NN834
piece, NN642
display, NN379
universal, JJ575
resented, VBD139
education, NN745
unsocial, JJ473
superlatively, RB286
offensive, JJ500
disposing, VBG506
stay, VB129
deter, VB445
friends, NNS16
portion, NN1112
determination, NN1132
commencement, NN1593
secondly, RB231
pardon, NN821
similarity, NN1017
expence, NN1861
straws, NNS465
consists, VBZ63
captain, NN442
bestowing, VBG317
whose, WP$1
unfeeling, JJ568
calculate, VB321
sweetest, JJS15
boundless, JJ647
presents, NNS369
teaching, VBG427
sorry, NN108
nourishes, NNS164
rescue, VB418
void, JJ894
agitations, NNS494
affect, VB7
chamberlayne, NN1529
vast, JJ274
convenience, NN742
enhance, VB452
graces, NNS235
clothes, NNS132
favoured, VBN280
farmhouse, NN1777
force, NN905
concise, NN1367
lustre, NN1826
likely, JJ18
worthlessness, NN1809
even, RB91
desirous, JJ477
saved, VBN344
hatefully, RB314
spokesman, NN888
new, JJ63
net, JJ260
ever, RB39
deemed, VBD311
repugnance, NN1431
men, NNS18
drew, VBD44
met, VBN40
active, JJ437
unexampled, JJ887
credit, NN139
monosyllable, JJ770
permit, VBP71
suitable, JJ411
reckoned, VBN178
county, NN244
moral, JJ812
guests, NNS319
overhear, VB278
army, NN1630
watering, JJ740
call, VB177
calm, NN1125
recommend, VB20
survive, JJ668
tell, VB4
expose, VB203
warn, VBP75
warm, NN945
ward, VB440
room, NN115
gossiping, NN1872
defer, VB172
unmarked, VBN526
fresher, JJR15
give, VB15
assent, NN526
unpretending, JJ805
involve, VB350
degenerate, VB254
masterly, JJ632
colds, NNS120
faults, VBN157
amazing, VBG104
answer, NN17
desponding, VBG285
faulty, JJ767
reconciled, VBN285
indignity, NN670
vicious, JJ667
curiosity, NN196
purchase, VB74
attempt, NN402
third, NN200
maintain, VB307
waited, VBD13
foresaw, VBD260
befall, VB347
wickedness, NN1536
before, IN11
imperturbably, RB224
personal, JJ456
frisks, NNS560
better, RB18
differently, RB139
persist, VBP76
subsisted, VBN306
weeks, NNS216
overcome, RB140
weakness, NN735
downs, NNS63
indulge, VB407
cautiousness, NN1584
meat, NN1350
discomposure, NN399
sleepless, NN1751
arrested, VBN200
mistrust, NN1481
went, VBD195
side, NN673
mean, JJ40
afforded, VBD121
calmly, NN1195
successively, RB372
principles, NNS630
taught, VBN156
forgot, VBD205
conjectures, NNS424
hushed, VBN518
content, JJ724
undeserved, JJ710
easiness, NN247
surprise, NN221
turning, VBG32
resume, VB232
revenge, NN949
bestow, VB119
struggle, NN1476
mistress, NN871
professions, NNS186
messages, NNS168
steward, NN1037
arrived, VBD35
loud, JJ502
enraged, VBN498
rapturously, RB277
features, NNS51
comforted, VBN33
peculiarity, NN1677
rashness, NN656
dwelt, VBD245
discompose, VB464
acquaint, VB135
girls, NNS8
witnessing, VBG493
dwell, VB262
gentlemanlike, VB55
lower, RBR3
somewhat, RB47
requisite, JJ712
peculiar, JJ530
symptom, NN1363
begins, VBZ38
distance, NN428
congratulatory, NN1905
anxiety, NN506
affront, VB189
equalled, VBN441
enabled, VBN82
bitterness, NN210
preparation, NN1763
matter, NN117
boulanger, NN203
persuade, VB41
silly, RB27
deserving, VBG266
barouche, NN1493
threadbare, NN762
blamelessness, NN1479
sees, VBZ18
rattle, NN1272
modern, JJ262
mind, NN71
mine, NN312
elevating, VBG324
bewailed, VBD236
seen, VBN41
seem, VB83
seek, VB66
tells, NNS349
emptiness, NN1571
communicative, JJ862
niece, NN1278
impurities, NNS373
regular, JJ505
inconsistency, NN1222
maria, NNS60
assisting, VBG223
don, NN86
observation, NN232
alarm, NN497
m, VBP20
points, NNS310
principle, NN1227
breathed, VBD190
scotch, NN384
annoyed, JJ212
rapture, NN1560
visitor, NN1259
brilliancy, NN494
uneasiness, NN778
supplied, VBN96
stepping, VBG386
resisting, VBG396
cleanse, VB349
explain, VBP54
debts, NNS534
folded, VBD160
judged, VBN341
rejoicing, VBG147
stop, VB295
perceive, VB97
integrity, NN1228
meditate, VB371
comply, VB156
earl, NN1378
fields, NNS396
bad, JJ132
troop, NN1274
unworthy, JJ91
reference, NN1672
imitate, VB458
alterations, NNS224
blameless, NN1464
decided, JJ85
interruptions, NNS400
subject, NN120
said, VBD2
smirks, NNS606
artificial, JJ749
crayons, NNS523
wears, VBZ97
vows, VBZ65
ignorance, NN1041
weary, JJ239
cousin, NN146
suggested, VBN160
prudential, JJ634
estimable, JJ276
against, IN25
distinction, NN280
appeared, VBD76
height, VBD124
unallied, JJ870
springs, NNS634
apprehended, VBN416
proceeded, VBD223
basis, NN1848
three, CD5
particulars, NNS178
blenheim, NN1607
commission, NN886
interest, NN273
entered, VBD40
lovely, RB187
threw, JJ326
deeper, JJR11
efficacy, NN610
suppress, VB434
inattention, NN566
strictures, NNS103
regretted, VBD360
exception, NN590
sly, RB342
originate, VB526
say, VB18
ugly, RB326
near, IN27
suppose, VBP25
guardianship, NN1382
seven, CD7
changed, VBD182
overspreading, VBG441
is, VBZ1
it, PRP4
shame, NN624
splendour, NN1629
in, IN2
if, IN15
grown, VBN9
parish, NN789
make, VB23
unfortunate, JJ697
characterise, VB400
entitled, VBD71
meets, NNS68
declaring, VBG501
delight, VBN13
supposing, VBG283
jealous, JJ316
bequest, NN941
thoughts, NNS99
warded, VBN419
changes, NNS610
failing, VBG53
inherit, VB298
unconcerned, VBN269
approbation, NN678
resuming, VBG443
qualities, NNS53
claims, NNS289
yours, NNS79
left, VBD25
etiquette, NN1068
consciousness, NN1357
sentence, NN1147
warmest, JJS56
wiser, JJR16
verses, NNS163
personages, NNS625
human, JJ130
facts, VBZ54
yes, RB82
yet, RB60
infinitely, RB146
pecuniary, JJ669
satisfactions, NNS531
character, NN70
affinity, NN574
save, VB56
trimming, VBG12
boasted, VBN295
involuntary, JJ782
whichever, NN49
affability, NN825
vanity, NN318
coarseness, NN1526
dignity, NN1015
cassino, NN1343
unnecessary, JJ514
flattered, VBN53
deal, NN195
somehow, RB86
dead, JJ351
fingering, VBG355
dear, JJ8
amiable, JJ97
theatre, NN1807
collect, VB125
stateliness, NN1324
bold, VBN489
squeamish, JJ720
super, JJ865
conceal, VB101
afternoon, NN1533
formerly, RB77
negative, JJ516
down, RB10
complaints, NNS147
lieu, NN1441
intermarriage, NN1163
frightened, VBN215
flying, VBG24
jealousy, NN751
creditable, JJ413
influencing, VBG159
starve, VB167
form, NN324
landing, JJ619
failure, NN365
minuteness, NN1306
assented, VBN189
continuance, NN1178
pretension, NN741
prevents, VBZ46
attached, VBN218
bounds, NNS355
unvarying, JJ278
untitled, JJ874
temper, NN73
separated, VBN182
exerting, VBG457
aunts, NNS620
agreeing, VBG107
excel, VBP36
handed, VBN244
answerable, JJ468
venison, NN1840
savage, NN391
felt, VBD58
unwell, RB117
trepidation, NN1325
alleviated, VBN305
stoke, NN1780
died, VBN297
jones, NNS118
happening, VBG194
apology, NN616
assume, VB178
blushing, NN602
daily, RB258
teeth, NNS544
parcels, NNS460
restored, VBD115
managed, VBN483
relieve, VBP64
eldest, JJS6
invent, VB258
manager, NN1552
mile, NN283
abundant, JJ801
anticipation, NN1594
depend, NN64
deceitful, JJ300
father, NN89
bordered, VBD269
answered, VBN104
finally, RB197
praised, VBN173
marks, VBP61
suffered, VBN131
fancied, VBD12
shoot, VB507
advised, VBD108
ma, NN304
banished, JJ649
excellency, NN816
die, VB132
proposals, NNS329
accidentally, RB250
excellence, NN382
gentlewoman, NN1097
round, NN181
shoe, JJ461
talked, VBD50
extenuating, JJ582
talker, NN922
eating, VBG254
adds, VBZ60
favour, NN310
suspect, VB251
filled, VBD350
scampering, VBG97
guardian, NN961
clerk, NN426
involuntarily, RB279
availed, VBN464
french, JJ859
detest, VBP22
wait, VB168
box, NN1494
boy, NN322
environs, NNS530
shift, VB522
bow, NN705
suggestion, NN1169
unpleasing, VBG452
shook, VBD155
hither, NN1383
insolent, JJ452
merely, RB24
soliciting, VBG222
contradictions, NNS549
surmount, VB261
hotels, NNS578
everybody, NN169
wealth, NN1180
sake, VBP14
visit, VB10
complaisant, JJ397
lessened, VBN399
sharing, VBG210
condescension, NN826
acceptable, JJ382
asserting, NN367
olive, JJ360
effort, NN720
entreaties, NNS95
housekeeping, NN140
avoiding, VBG206
soul, NN931
soup, JJ328
sour, JJ561
growing, VBG313
making, VBG18
repressing, VBG405
arrive, VB315
nearest, JJS38
predict, VB337
confused, JJ629
pointedly, RB194
muslins, VBZ112
dishonourable, JJ802
strikingly, RB339
till, VB26
sunday, JJ310
pure, NN1179
persuasion, NN403
staying, VBG157
may, MD2
misrepresented, VBN232
designed, VBN356
destructive, JJ566
grow, VB105
man, NN3
relinquish, VB359
omen, NN1894
provide, VB246
deceive, VB356
tall, JJ86
talk, VB8
nearly, RB72
shoes, NNS399
seeing, VBG43
gradual, JJ900
pointed, VBN326
wishing, VBG79
stability, NN1207
gaieties, NNS346
shake, VBP35
argued, VBN142
group, NN393
thank, NN635
interesting, JJ224
maid, NN1182
policy, NN1410
ours, NNS462
truest, JJS26
recommenced, VBD204
views, NNS2
impulses, NNS272
christening, VBG170
sarcastic, JJ37
killed, VBN461
possess, VB154
feverish, JJ241
careless, JJ298
scolded, VBD213
vogue, NN390
richly, NN1612
preaching, VBG177
aloof, JJ721
girl, NN179
morning, NN109
elizabeth, NNS22
living, NN857
interference, NN1040
stupid, JJ101
actuated, VBN455
correct, JJ400
assurance, NN621
charlotte, NN291
earlier, RBR2
demanding, VBG486
bandbox, NN1527
cough, VB34
advance, VB104
language, NN1099
waiter, NN1522
renewal, NN530
contented, VBD193
thing, NN32
apologising, VBG172
think, VB16
frequent, JJ218
first, JJ5
dwelling, NN1080
fast, RB145
suspended, VBD200
carry, VB366
sounds, VBZ111
singling, VBG321
discharged, VBD336
little, JJ3
thoughtless, NN1686
slept, VBN112
anyone, NN225
speaking, VBG29
gaudy, JJ752
eyes, NNS66
undoubtedly, RB95
venture, NN96
were, VBD28
gathering, VBG255
topics, NNS264
occupies, VBZ56
winding, NN1628
himself, PRP14
occupied, VBN83
answering, VBG49
shocked, VBD271
performance, NN378
sameness, NN1579
bets, NNS257
pain, VB186
trace, VB454
arguing, VBG251
paid, VBN17
roused, VBD157
entreaty, NN1073
sheets, NNS441
pair, NN413
hardships, NNS426
especially, RB149
gracefully, RB207
deportment, NN1329
jumped, VBD348
stockings, NNS126
iniquitous, JJ352
shop, NN432
show, NN343
supposition, NN677
elevate, VB208
drawings, NNS522
corner, NN709
treasure, NN1341
behind, IN29
impunity, NN1605
manoeuvre, NN1083
black, JJ80
incredulous, JJ555
muffin, NN920
exaggeration, NN211
get, VB22
unimportant, JJ636
slyness, NN1172
unconsciously, RB162
conjunction, NN1233
yield, VB180
requesting, VBG271
miles, NNS121
finishing, VBG460
communicated, VBD254
silently, RB121
declared, VBD46
implacability, NN951
seat, NN1326
relative, JJ609
doings, NNS237
declares, VBZ66
salutation, NN706
wonder, NN226
satisfying, VBG463
repined, VBD315
steadfast, NN1371
ornament, NN841
enough, JJ10
reading, VBG99
across, IN47
whispered, VBD323
august, RB369
parent, NN1741
parental, JJ435
tacit, JJ871
countenance, NN147
gratefully, RB287
according, VBG131
indelicate, JJ779
present, JJ108
disappointment, NN1005
guardians, NNS429
among, IN19
despaired, VBN398
accusation, NN1435
maintained, VBD208
luckless, NN1563
stretched, VBN410
unassuming, JJ401
disliking, VBG140
writing, VBG123
laudable, JJ303
nose, JJ785
considering, VBG76
sensible, JJ58
arts, NNS148
capable, JJ419
repine, VB339
mark, NN1194
stanzas, NN1075
judging, VBG236
employments, VBZ87
mary, JJ55
educated, VBN61
shopping, NN1277
offered, VBD97
declaration, NN1088
those, DT10
sound, JJ185
apologised, VBD173
tractable, JJ642
many, JJ34
awakened, VBN339
superintendence, NN955
sincere, JJ447
coffee, VB142
sleeping, VBG468
sprained, VBN48
cluster, NN1000
sudden, JJ291
wisely, RB170
bags, NNS467
different, JJ115
pay, VBP32
tour, NN1283
same, JJ148
acquaintances, NNS36
speech, NN523
arguments, NNS177
deference, NN669
struggling, VBG373
dated, VBN360
dishonorable, JJ567
extended, VBN259
assist, VB252
companion, NN396
running, VBG143
scorned, VBN481
officiousness, NN1844
totally, RB109
amazes, VBZ47
bottle, NN320
penetration, NN1870
amazed, VBN144
consisted, VBD41
gates, NNS440
peace, NN795
diffident, JJ545
money, NN960
aspect, NN824
sprang, VBP78
suitableness, NN867
housemaids, NNS598
astonishment, NN110
extensive, JJ265
heavier, JJR20
admitting, VBG146
secrecy, NN1186
disappointed, VBN47
acquainted, VBN20
chamber, NN1314
audience, NN1090
miraculous, JJ621
laughing, VBG258
bewitched, VBN145
voluntarily, RB240
fulfil, VB491
dale, NN1663
hysterics, NNS573
pronounce, VB355
ante, JJ622
civilly, RB184
gross, JJ676
mortification, NN1011
confirm, VB328
footing, NN1161
critical, JJ187
custody, NN1247
expressing, VBG93
unluckily, RB193
intrude, VB471
despicably, RB317
broken, VBN289
despicable, JJ268
visits, NNS107
untamed, JJ836
tease, VBD148
violence, NN1100
west, NN1852
mixed, JJ178
road, NN1288
contrariwise, JJ889
imitated, VBN440
quietly, RB230
spreading, NN1787
blessed, VBN245
pleasantry, NN1876
needlessly, RB169
distracted, JJ842
decisive, JJ517
mornings, NNS287
unsettled, JJ847
lodgings, NNS110
downstairs, RP6
arranged, JJ472
romantic, JJ552
sensibly, RB226
arranges, VBZ93
netting, VBG105
affection, NN336
hunsford, NN774
deliberation, NN846
deep, JJ56
undiminished, JJ703
imagination, NN416
examine, VB240
importing, NN1488
lifetime, NN1636
fill, VB140
tedious, JJ329
again, RB54
sufferings, NNS435
repent, NN1498
field, NN484
coughing, VBG15
important, JJ283
tackle, NN1655
prudent, JJ577
consternation, NN1508
starting, VBG25
represent, VBP27
forget, VBP13
reproofs, NN1656
invariable, JJ594
bosoms, NNS570
founded, VBN354
sunk, VB326
invariably, RB221
talks, NNS231
expressions, NNS128
allowances, NNS366
children, NNS14
reluctant, JJ590
inexhaustible, JJ588
diffuse, NN1587
preserved, VBN257
tranquillity, NN876
enjoying, VBG253
returning, VBG84
fall, VB9
difference, NN220
elated, VBN74
mild, NN1242
knighthood, NN277
benevolent, NN1885
reminding, VBG326
economically, RB359
infatuation, NN1857
designedly, RB265
withheld, VBN113
eloped, VBN450
censuring, VBG44
further, RB157
affable, JJ754
creatures, NNS268
defence, NN1597
stood, VBD89
tribute, NN1250
public, NN333
indistinctly, RB357
promising, JJ493
favourably, RB120
puddles, NNS124
favourable, JJ72
inconsiderable, JJ205
affectionately, RB278
search, NN1289
stretching, VBG437
sofas, NN712
misery, NN1012
narrow, NN1226
whimsical, JJ764
sanction, NN1833
establish, VB217
readily, RB122
eye, NN183
uniformity, NN1578
two, CD6
comparing, VBG316
cultivation, NN1303
correspondents, NNS175
achieving, VBG281
formality, NN268
handsomely, RB329
purse, NN550
apprehensions, NNS546
varying, VBG359
town, NN141
willfully, RB167
none, NN54
hour, NN254
middle, NN1316
recall, VB236
remain, VB124
pressing, NN503
clergy, NN1055
purchases, NNS463
compare, VB273
gravely, RB103
share, NN37
sphere, NN1860
breathing, VBG202
purchased, VBN321
sharp, JJ716
robinson, NN294
narrowly, RB272
construing, VBG451
awkward, RB212
turnpikes, NNS545
comfort, NN471
venting, VBG458
stir, VB487
charms, NNS291
our, PRP$4
kitty, JJ49
advice, NN185
blacken, VB483
interpose, VB310
spurned, VBN482
coming, VBG92
crowded, VBD196
coat, NN137
spiteful, JJ828
ablution, NN1248
mislead, VB398
turnpike, NN1415
pleasure, NN191
playing, VBG72
displease, VB343
heartfelt, NN1880
appeals, NNS526
through, IN39
heirs, NNS104
existence, NN969
suffer, VBP11
revenging, VBG398
arrogant, JJ450
pens, NNS172
bosom, NN1702
late, RB131
detected, VBN85
resentments, NNS269
triumphantly, RB220
good, JJ2
disrespectful, JJ356
seeking, VBG188
noticing, VBG380
prejudices, NNS476
obeyed, VBN361
oxford, JJ747
prejudiced, VBD306
complain, VB291
mystery, NN1549
easily, RB88
celerity, NN650
fluttered, VBN349
evade, VB322
token, NN1512
habits, NNS428
repeating, VBG119
exquisite, JJ259
harm, NN1218
everyone, NN972
another, DT12
house, NN26
fish, NN766
hard, JJ198
idea, NN144
engaging, VBG278
connect, VB485
suspecting, VBG60
seniority, NN868
allusions, NNS317
harp, NN636
stands, VBZ43
lovers, NNS360
undervaluing, VBG111
projected, VBN272
acting, JJ179
flowed, VBD96
fortitude, NN1654
tiresome, JJ17
pathetic, JJ734
circumstance, NN240
pleasant, JJ62
difficulty, NN1187
contrivance, NN462
disposition, NN188
backed, VBN423
beginning, VBG189
benefits, NNS609
omit, VB288
diversion, NN1078
conducted, VBN366
indebted, VBN336
disregarded, VBN219
instances, NNS363
done, VBN130
embraced, VBD349
unacquainted, JJ484
indulgent, JJ365
twenty, NN61
revive, VB284
least, JJS2
paint, VBP44
regulation, NN737
pains, VBZ95
beloved, JJ654
lease, NN594
tremblings, NNS566
park, NN15
malice, NN1042
part, NN174
prodigious, JJ643
believe, VB29
unpardonable, JJ661
stirs, VBZ83
b, NN1688
compliments, NNS64
youth, NN954
contrary, NN271
supposed, VBN116
sedate, NN1828
treated, VBN114
declare, VB40
consented, VBN117
unusual, JJ904
trifled, VBN502
confirms, VBZ79
orders, NNS119
insufferably, RB160
built, VBN328
refute, VB409
build, VBP43
insufferable, JJ814
godfather, NN937
disconcerted, JJ81
most, RBS1
charm, NN679
significant, JJ466
services, NNS575
engagements, NNS288
extremely, RB43
goodwill, NN325
panegyric, NN647
reflections, NNS81
incur, VB527
joining, VBG149
particularly, RB55
bromley, NN1497
obligations, NNS271
swelling, VBG364
scattered, VBD322
noblest, JJS49
relation, NN422
carefully, RB271
fine, JJ16
find, VB30
refusals, NNS337
depended, VBD199
dividing, VBG377
nervous, JJ43
ruin, VB341
unhappy, JJ525
permission, NN884
express, VB88
courage, NN1217
breast, NN1033
resolve, VB161
testifying, VBG249
doubled, JJ746
coughs, NNS27
common, JJ131
individual, JJ578
tender, NN932
materially, RB129
feared, VBD249
highflown, JJ538
visiting, VBG9
superseded, VBN448
please, VB71
smallest, JJS10
intimidated, VBN506
lightness, NN1635
chatsworth, NN1603
reverse, NN803
powers, NNS187
quarrelsome, JJ628
spiritless, NN1747
humoured, VBN12
danced, JJ94
point, NN297
simple, JJ759
dances, NNS54
simply, RB282
asserted, VBD305
throughout, IN56
rivals, NNS255
secret, JJ225
meeting, VBG116
gay, NN1576
cruelty, NN771
understand, VB24
resisted, VBD184
unnecessarily, RB209
strictest, JJS23
solid, JJ879
eclipsed, VBN258
deferred, VBD36
fun, NN1133
indulging, VBG279
cents, NNS328
violently, RB269
anecdote, NN703
itself, PRP16
perverseness, NN1062
disbelieving, VBG297
regulate, VBP72
benevolence, NN479
engrossed, VBN92
butcher, NN1821
discourse, NN1047
ached, VBD110
development, NN1505
unalloyed, JJ657
yesterday, NN465
husbands, NNS468
moment, NN182
purpose, NN298
dark, NN339
forfeited, VBN221
spent, VBN27
morrow, VB35
appertain, VB183
spend, VB75
shape, NN693
openly, RB218
thorough, JJ261
irritable, JJ693
alternative, JJ238
dishonesty, NN958
injuries, NNS484
letting, VBG335
cup, NN1837
hated, VBD247
alternate, NN1720
source, NN1287
studious, JJ332
overtook, VBP82
deliberately, RB358
reproof, NN640
easter, NN783
excited, VBD151
hates, VBZ49
womanly, RB346
valueless, IN57
chambermaid, NN1614
bid, VBN191
judgement, NN234
matters, NNS282
bit, NN51
irretrievable, JJ811
blemish, JJ884
follows, VBZ19
glove, NN1800
mediocrity, NN1474
foolish, JJ228
grossest, JJS39
often, RB21
absolutely, RB81
obliged, VBD29
abundantly, RB198
back, RB32
ah, NN62
strongest, JJS37
insincere, RB394
triumphing, VBG320
ornaments, NNS404
hazarded, VBN378
ourselves, NNS84
pronounced, VBD45
scale, NN1668
culprit, NN1796
proficient, NN1358
per, IN51
pen, JJ296
resolutely, RB352
either, CC5
patient, NN500
remembered, VBD304
peculiarly, RB181
continuing, VBG384
from, IN9
hackneyed, VBN308
inhumanity, NN950
implicitness, NN1503
conciliatory, JJ501
wickham, NN885
naturedly, RB228
tenants, NNS273
pollution, NN1910
connubial, JJ833
abusive, JJ708
remembrance, NN1551
lesson, NN1726
errand, NN1823
controverted, VBD274
overpower, VB374
forward, RB135
invite, VB227
adjusting, VBG16
hoped, VBD52
boys, NNS353
delighting, VBG318
lydia, JJ29
hopes, VBZ10
calico, NN1766
directed, VBD129
rejection, NN1114
unreserve, NN1241
possession, NN4
constant, JJ425
possessor, NN645
deprive, VB317
scarlet, NN807
single, JJ1
cure, VB192
prevail, VB289
denying, VBG379
excused, VBN253
commonest, JJS25
excuses, NNS555
calmness, NN731
explaining, VBG152
accidental, JJ143
lend, VB427
favourite, JJ214
papa, NN1520
prepared, JJ374
restoration, NN585
utterly, RB195
desert, NN1407
rallied, VBD267
implies, VBZ118
sore, NN466
amused, VBN137
implied, JJ266
conjugal, JJ737
intricate, NN595
compose, VB402
fitzwilliam, NN1252
georgiana, NN1160
repinings, NNS500
gravel, NN592
presently, RB238
putting, VBG275
accuse, VB249
clement, NN1805
arrange, VB182
recreation, NN986
moderate, JJ807
respectful, JJ363
profligacy, NN1465
cheapside, JJ254
shock, VB387
rivers, NNS390
uncomfortable, JJ270
exuberant, JJ722
reconciliation, NN865
giving, VBG7
assisted, VBN193
fat, JJ858
inconveniences, NNS430
exercise, NN489
mortifications, NNS626
body, NN1804
justification, NN1478
packing, VBG408
objects, NNS221
licentiousness, NN1742
sink, VB241
others, NNS12
dissuade, VB280
archness, NN681
implicit, JJ480
extreme, JJ717
remark, NN570
talent, NN843
conceit, NN688
indelicacy, NN1282
later, RB336
principally, RB158
proof, NN1074
courting, VBG449
composed, VBN250
abominate, VB504
named, VBD325
conjecturing, VBG19
private, JJ136
extravagance, NN943
privately, RB325
sermon, JJ843
earnestness, NN1130
copse, NN1757
contrariety, NN1457
butler, NN1756
themselves, PRP8
prized, VBN139
dispirited, JJ818
endurable, JJ463
trait, NN1466
transient, JJ581
prizes, NNS258
ashamed, VBN300
arranging, VBG181
procuring, VBG315
unforgiving, JJ433
duped, VBN317
hints, NNS183
escaped, VBD117
account, NN47
inclinations, NNS619
simpered, VBD370
f, VBD341
obvious, JJ658
praise, NN215
fetch, VB143
reanimated, VBN309
reserved, VBN68
proportions, NNS586
renewed, VBN277
reserves, NNS347
contempt, NN493
daring, JJ513
awkwardness, NN1471
dinners, NNS165
attachment, NN341
meditated, VBD242
annexed, VBN522
philosophy, NN1776
collection, NN272
united, VBN80
preferred, VBN168
yielded, VBN471
pleasantness, NN1049
trifling, VBG86
friendlier, JJ778
lines, NNS11
correspond, NN1249
trembling, VBG464
chief, NN582
furnish, JJ220
six, CD8
disarm, VB176
alacrity, NN675
flattering, VBG179
nasty, JJ700
revived, VBN422
la, NNP2
decorum, VB139
willing, JJ417
stepped, VBD357
greater, JJR3
mention, VBP10
cutting, VBG480
instead, RB50
kindness, NN100
day, NN13
february, JJ597
slacken, VB354
warned, VBN314
morris, NNP1
ungovernable, JJ905
histories, NNS471
incensed, VBD248
defend, VB257
repress, VB446
wearisome, JJ856
announced, VBD169
thereupon, NN663
approached, VBN242
likelihood, NN1070
backwards, NNS412
deprived, VBN185
qualification, NN1109
mortal, JJ832
charmingly, RB155
retain, VB540
grieving, VBG397
south, JJ835
predominate, VB462
finest, JJS43
embarrassed, JJ506
improvements, NNS252
reached, VBN91
commendations, NNS169
ancient, JJ873
sadly, RB296
vulgar, NN529
immovable, JJ660
intermediate, JJ781
acquiescence, NN1246
agonies, NNS313
explanation, NN727
acquire, VB373
perforce, JJ459
mantelpiece, NN910
vouchsafed, VBN181
expences, NNS638
detection, NN1454
counteract, VB516
compensation, NN1832
circumspect, JJ579
loves, VBZ119
lover, NN1208
visited, VBD99
comfortable, JJ404
tide, NN162
comfortably, RB288
pitiable, JJ460
unlikely, JJ580
have, VB2
dictate, VB490
throat, NN467
keener, NN1392
apparently, RB362
venturing, VBG221
gravity, NN965
mix, VB538
concerns, NNS407
provoked, VBD202
chaise, NN23
unless, IN28
disappointments, NNS504
pausing, VBG402
eight, CD12
sally, RB365
payment, NN1793
afresh, JJ696
heartening, VBG470
request, NN385
absurd, JJ385
occasion, NN35
improprieties, NNS481
supported, VBD296
rebuke, NN988
inspiring, VBG78
pleasantest, JJS30
knowledge, NN79
inferior, JJ623
regularly, RB280
exceptional, JJ800
bear, VB211
calling, VBG80
fixed, VBN2
madam, VBZ30
racked, VBN485
refrained, VBN443
watchfulness, NN919
attempting, VBG153
clearing, VBG478
purses, NNS145
encamped, VBN393
progress, NN626
boundary, JJ611
smilingly, RB291
sorrow, NN753
firmness, NN1196
exclaim, VBP79
instant, JJ207
joke, NN114
taking, VBG74
equal, JJ133
attributed, VBN208
assure, NN42
conquered, VBN390
passing, VBG73
otherwise, RB133
vent, NN1200
travellers, NNS379
teasing, JJ52
laugh, IN38
pouring, VBG495
composedly, RB223
gaze, NN1372
devoting, VBG248
warwick, JJ748
copied, VBN147
stationed, VBD123
assert, VB248
finished, VBN252
tenderly, JJ348
fellow, NN538
arisen, VBN406
welcoming, VBG413
plain, VBP31
appearance, NN491
value, NN327
promoted, VBN453
ensuing, VBG331
handwriting, NN630
carved, VBD273
almost, RB93
weighed, VBD301
arrangements, NNS593
claimed, VBN204
partner, NN176
watchful, JJ595
allurements, NNS617
brightened, VBN122
frivolous, JJ730
injured, VBN90
material, JJ347
novels, NNS228
reporting, VBG471
sisters, NNS13
invitations, NNS533
judgment, NN1866
thought, VBD62
exceedingly, RB148
position, NN1234
arising, VBG55
insipidity, NN409
usual, JJ330
domestic, JJ318
surpass, VB153
seats, NNS250
dissuaded, VBN505
discreditable, JJ692
haggerston, VB489
recommending, VBG459
add, VB146
match, NN1066
resolved, VBD137
punctual, JJ368
elapsed, VBN292
like, VB13
success, NN354
housekeeper, NN581
admitted, VBN30
audible, JJ494
italian, JJ314
decease, NN1102
authority, NN861
hair, NN513
convey, VBP52
recommendation, NN253
proper, JJ206
paddock, NN1717
stuffy, JJ415
happens, VBZ22
esq, NN1831
discretion, NN88
kympton, NN1820
regain, NN1591
noise, NN410
slight, JJ176
crossing, VBG87
although, IN48
worthy, NN994
vivacity, NN995
noisy, JJ405
about, IN7
actual, JJ454
follies, NNS67
certainty, NN981
serviceable, JJ817
15th, CD10
coachman, NN1513
introduced, VBN36
rendered, VBN84
depart, VB290
guard, VB93
esteem, NN1098
female, NN914
ridge, NN1623
rushed, VBN513
avowed, VBD286
buy, VB148
sequel, NN1727
preparations, NNS320
repeated, VBD95
plague, NN730
contemptuously, RB301
embargo, NN1662
stratagems, NNS601
wise, JJ337
glory, NN1295
dangerous, JJ237
minutes, NNS44
replying, NN446
pin, VBD376
whisper, NN521
measure, NN946
periods, NNS383
relates, VBZ15
dawson, NN1492
shooting, NN1887
unintelligible, JJ791
dressed, VBN240
detail, NN1896
detain, VB470
dresses, NNS62
nnight, JJ487
insupportable, JJ102
variation, NN1681
philips, NNS585
ramble, JJ639
resolution, NN474
entreat, VBP34
augmented, JJ821
comparatively, RB249
synonymously, RB89
sleep, NN532
hating, VBG81
appetite, NN350
hate, VBP21
assembled, VBN88
poorly, RB130
patched, VBN508
under, IN40
pride, NN305
regrets, NNS262
informality, NN940
conjecture, NN412
risk, VB299
dispense, VB519
rise, NN1426
every, DT11
gratification, NN901
softened, VBN165
frailty, NN1788
vastly, RB390
fireplace, NN708
encounter, VB369
school, NN1437
frankness, NN1856
conceive, VB79
guiding, VBG332
delightfully, RB106
harriet, VB432
enjoy, VB62
parted, VBD103
ungenerous, JJ512
infancy, NN927
construed, VBN430
consistent, JJ440
feathers, NNS604
direct, JJ549
surrounding, VBG2
louder, RBR6
estimated, VBN213
expressive, JJ281
blue, JJ79
hide, VB138
solemn, VB263
selected, VBN237
liberty, NN245
conduct, NN651
stared, VBD18
pratt, NN1530
humility, NN639
represented, VBN195
path, NN696
shortness, NN1260
paining, VBG390
property, NN9
leaves, VBZ34
ridicule, VBP59
proportioned, VBD321
entreating, VBG267
settled, VBN29
punishment, NN177
ventured, VBD253
verdure, NN1417
feelings, NNS1
patience, NN546
sympathise, VBP80
would, MD6
lessening, NN1385
tradesman, NN1736
barbarous, JJ866
acceded, VBD328
grief, NN1557
ardently, RB299
excellent, JJ61
must, MD1
me, PRP6
join, VB60
entertained, VBN28
mr, NN10
my, PRP$3
quarrel, NN453
estate, NN165
ingenuity, NN1164
overheard, VBP26
times, VBZ7
overpowered, VBN288
ceremony, NN980
end, NN27
scolding, VBG14
sitting, VBG31
accusations, NNS438
gate, NN1293
description, NN122
mouths, NNS161
mess, NN1470
delicacy, NN768
imaginable, JJ299
sparkled, VBD100
unguarded, JJ430
jumping, NN486
splendid, JJ114
prepossession, NN873
amid, IN46
acknowledged, VBD1
enter, VB245
aloud, JJ231
bingley, NN30
executed, VBN519
interpretation, NN1670
over, RP2
expects, VBZ74
unsubdued, JJ464
sickly, JJ378
london, VB53
hypocrisy, NN1878
expectations, NNS59
comprehend, VB145
destroyed, VBN243
nightcap, NN1753
blots, VB175
prevented, VBN102
echo, VB377
hertfordshire, NN143
obligingly, RB396
gloom, NN1239
filling, VBG505
victory, NN599
each, DT14
wantonly, RB305
lasting, JJ641
practising, VBG354
saturday, NN756
overcame, VBZ77
driving, VBG117
god, NN204
bennet, NN11
laid, VBN21
unabashed, JJ837
got, VBD66
newly, RB344
independence, NN520
repining, NN1685
hang, NN1842
free, JJ398
management, NN1333
formation, NN1420
rain, VB128
wanted, VBN103
fret, VB264
days, NNS43
hopeless, NN1126
aspire, VB523
rang, VBD226
already, RB48
officious, JJ645
attractions, NNS331
encouraging, VBG288
rank, NN239
hearing, VBG3
rant, VB532
relations, NNS137
awoke, VBD290
discomposed, VBD179
revival, NN1389
top, NN1618
kinder, JJR18
confirming, VBG160
too, RB37
gowns, NNS454
inconvenient, JJ564
pemberley, NN417
curtains, NNS506
illiterate, NN855
indiscreet, NN1687
griefs, NNS295
serve, VB444
took, VBD75
kindest, NN1694
perseveringly, RB227
frankly, NN1882
final, JJ878
mirth, NN527
bridge, NN1626
fashion, NN149
handkerchief, NN1704
ran, VBD142
eloping, NN1786
talking, VBG52
advising, VBG424
affectation, NN228
unaffected, JJ84
rapacity, NN1839
thoroughly, RB361
elegance, NN564
laughed, VBD118
propitious, JJ342
inured, VBN343
detained, VBN271
though, IN16
censured, VBN408
plenty, NN1353
philosophic, JJ823
parting, VBG94
glow, NN1043
constancy, NN1868
flow, VBP51
orderly, JJ504
reputation, NN970
inspire, VB375
pope, NN1340
dupe, NN1849
rector, NN862
earth, NN1862
adoration, NN1561
spite, NN258
grosvenor, JJ537
refreshment, NN1014
disgust, NN161
lodge, NN285
announce, VB327
dullness, NN1590
borrowed, VBN488
mixture, NN65
watch, VB304
goulding, NN1799
wedding, NN1087
report, NN126
overbearing, VBG503
anxiously, RB354
twice, NN190
thanks, NNS65
elopement, JJ672
penance, NN1375
presuming, VBG450
habit, NN237
resist, VB269
submitted, VBD377
accede, VB411
capacity, NN563
temptation, NN1024
continually, RB75
mud, NN515
approach, NN912
discovery, NN364
confusion, NN694
weak, JJ393
however, RB2
archly, RB108
wear, VB330
news, NN77
blasted, VBD291
improve, VB243
faced, VBD186
fault, NN223
extracts, NNS31
subjoin, VB493
players, NNS279
mildly, RB379
faces, VBZ105
variance, NN781
expense, NN528
composure, NN330
vexed, JJ116
confide, VB500
comprehension, NN1458
trust, VB166
longbourn, VB64
conference, NN1122
warehouses, NNS368
been, VBN6
quickly, RB137
confident, VBN313
spread, VB331
expected, VBN23
speeches, NNS318
uncommon, JJ321
catch, VB195
apprehension, NN1181
lessen, VB141
tolerable, JJ107
discontentedness, NN1595
stopping, VBG333
expenses, NNS422
punctuality, NN1514
containing, VBG387
suggest, VB225
wound, NN1387
levelled, VBN497
several, JJ104
ramsgate, VB414
action, NN398
characters, NNS154
insisted, VBN486
mentioning, VBG115
hearth, NN1847
shortly, RB214
incredulity, NN1402
possessed, VBD337
hearty, JJ27
greatest, JJS12
incapable, JJ335
mother, NN83
alarms, NNS508
possesses, VBZ37
appease, VB329
departed, VBD136
proposed, VBN159
resigning, VBG400
strenuously, RB285
vices, NNS202
tolerably, RB96
meanly, RB70
explanatory, JJ850
pitiful, JJ275
breakfasted, VBD361
humanity, NN979
gave, VBD47
hermitage, NN1854
advances, NNS309
descending, VBG208
newcastle, JJ839
judge, VB165
burnt, JJ891
scruple, NN987
advanced, VBN151
appearing, VBG174
gift, NN936
contradict, VBP65
dishonest, JJS28
quadrille, NN828
officer, NN880
successfully, RB270
proudly, RB377
displeasure, NN1004
escape, VB39
indirect, JJ301
rapidity, NN643
proceeding, VBG126
companions, NNS364
everything, NN309
christmas, NN1156
permitted, VBN319
nothings, NNS238
attacks, NNS341
dinner, VB45
misleading, VBG277
ensure, VB270
steadily, RB196
efforts, NNS362
sept, VBD362
discharging, VBG300
presence, NN732
civil, JJ156
puzzle, VB274
visible, JJ653
uncontrolled, JJ723
accomplishments, NNS96
existed, VBN400
rely, RB355
personage, NN1669
class, NN973
gig, NN1347
indispensably, RB321
partridges, NNS614
purposely, RB211
head, NN300
attempted, VBN164
heal, VB213
differences, NNS416
deny, VB117
26th, CD13
hear, VB38
liveliest, JJS18
sustained, VBD326
removed, VBN71
admiration, NN160
ruined, VBN345
trim, VB429
impropriety, NN1473
suspicions, NNS86
check, VB193
silliest, JJS13
willingly, RB244
faithful, NN555
no, DT6
when, WRB3
tis, VBD367
despising, VBG137
setting, VBG435
papers, NNS611
vanished, VBN414
unembarrassed, VBD333
picture, NN516
preceding, VBG163
uniformly, JJ511
nods, NNS394
dullest, NN915
discharge, NN1436
xxBeGiN142xxit, NN1
younger, JJR5
longer, RB134
vigorously, RB351
longed, VBD106
remarked, VBN466
serious, JJ216
intimacy, NN665
undoubted, JJ666
unprincipled, JJ681
premeditated, JJ315
coach, NN457
remarkable, JJ375
impression, NN1450
rob, VB451
particular, JJ100
leads, VBZ58
remarkably, RB85
displaying, VBG330
discern, VB368
injure, VB465
protest, VB511
essentials, NNS495
wilful, JJ482
passage, NN1159
abhorrent, JJ857
charge, VB382
avowal, NN870
discovering, VBG502
sing, VBG68
agreed, VBD10
tidings, NNS361
advantage, NN92
unavoidably, RB313
cook, NN819
cool, VB111
sighed, VBN452
impressive, JJ735
brother, NN150
science, NN395
quick, JJ36
says, VBZ3
injunction, NN1092
port, NN913
substitute, VB450
irritated, JJ431
constitution, NN837
contracted, JJ742
servility, NN804
goes, VBZ25
reply, NN85
amounting, VBG490
water, NN1646
requited, VBN473
entertain, VB92
supplying, VBG347
supercilious, JJ157
thirty, NN1356
healthy, JJ285
guilty, JJ799
descended, VBD320
moralize, VB539
hospitality, NN799
humour, NN66
connivance, NN1448
bribery, NN1810
swallowed, VBN451
post, NN1495
sports, NNS425
prey, NN1573
memory, NN780
dismay, NN1869
teased, VBN89
neglected, VBN333
cases, NNS9
laughter, NN733
slightest, JJS40
deservedly, RB275
performer, NN1360
nursing, VBG100
figure, NN159
stroke, NN1535
dropped, VBD285
provoke, VB190
intelligible, JJ424
secured, VBD292
eloquent, JJ376
mismanagement, NN1544
fourth, JJ118
speaks, VBZ14
begs, VB494
professing, VBG352
impartial, JJ420
rites, NNS211
informs, NNS579
succeeded, VBD84
amuse, VB122
propriety, NN401
sedateness, NN1643
glancing, VBG70
representation, NN658
lamented, VBN469
sonnet, NN615
furnished, VBN421
undervalued, VBN495
depending, VBG325
dreading, VBG220
offers, NNS356
happened, VBN203
condescendingly, RB367
conversations, NNS384
bound, VBD168
qualified, VBN211
conquer, VB403
bath, NN1907
term, NN1886
name, NN29
possibilities, NNS142
subjection, NN856
trunks, NNS459
catching, VBG33
farewell, NN1254
apothecary, JJ243
kenilworth, NN1608
intended, VBN16
exclamation, NN103
ultimately, RB308
intercourse, NN1148
profit, VB281
liveliness, NN992
attracted, VBD153
kent, NN775
she, PRP5
attended, VBD85
state, NN840
dispatched, VBN31
impose, VB94
motion, NN1059
turn, NN372
place, NN24
retreating, VBG385
envied, VBD130
view, NN487
childhood, NN953
suspend, VBP69
fetched, VBN202
george, NN1036
cheerfully, RB273
disinterested, VBN196
given, VBN52
necessarily, RB239
unstudied, JJ384
persuasions, NNS621
returns, NNS345
bounty, NN786
legally, RB389
white, JJ327
gives, VBZ48
hug, VB204
tempers, NNS616
reverie, NN408
season, NN1157
circulated, VBN504
inexpressible, JJ495
inexpressibly, RB402
alas, NNS451
wide, JJ320
unfortunately, RB113
require, VB336
seminaries, NNS70
accused, VBN370
cards, NNS134
and, CC3
generality, NN1286
confessed, VBD246
suspense, NN1115
commissioning, VBG411
any, DT7
prosperity, NN859
ideas, NNS32
wandered, VBN246
dining, VBG82
emphasis, NN1026
animation, NN439
unavailing, JJ572
gaining, VBG473
sure, JJ15
clearer, JJR19
falls, VBZ62
visitors, NNS290
cleared, VBD310
heinous, JJ822
annum, NN926
considered, VBN3
adopt, VB102
cruelly, RB203
uncle, NN524
quantity, NN1540
cheat, VB517
cheap, JJ907
trespass, VB159
hack, NN307
gulf, NN1789
obstinacy, NN657
wood, NN1617
believing, VBG244
partake, VB437
dreaded, VBD214
lighted, VBD347
uncles, NNS136
begging, VBG185
expectation, NN1063
savours, VBZ85
hedge, NN1292
closure, NN1874
regarding, VBG214
jokes, NNS472
fainter, NN1477
beholding, VBG183
imposing, VBG205
somebody, NN97
replies, NNS597
connections, NNS109
obliging, VBG48
apologies, NNS249
asperity, NN818
professed, JJ571
encouraged, VBN283
detect, VB443
voluntary, JJ438
ways, NNS38
subsequent, JJ652
review, NN1263
circulating, VBG184
cheerfulness, NN331
impertinence, NN510
arrival, NN142
originated, VBD327
fearless, NN1798
intrepidity, NN414
harshly, JJ593
come, VBN14
grieved, VBN32
quiet, JJ617
duty, NN429
afterwards, NNS45
period, NN284
insist, VBP39
resentment, NN172
satisfaction, NN798
assertions, NNS303
forbearing, JJ556
bequeathed, VBD191
hardly, RB83
direction, NN1307
exasperate, VB399
blessing, NN794
ostentation, NN230
attentive, JJ151
spirit, NN187
case, NN334
myself, PRP13
mount, NN1888
nothingness, NN411
cast, VBD146
shops, NNS156
contrive, VB171
couples, NNS297
someone, NN1380
unreserved, JJ93
resentful, JJ340
quarreling, VBG166
reminded, VBD135
injurious, JJ713
attributing, VBG310
bows, NNS242
agitated, JJ650
events, NNS377
week, NN28
disadvantages, NNS456
refusal, NN1105
driven, VBN216
persons, NNS160
petticoat, NN514
delicate, JJ280
unqualified, JJ656
ragout, NN509
changing, VBG231
weep, VB447
longing, VBG290
estimation, NN552
weakened, VBD264
recital, NN1403
without, IN31
relief, NN580
relied, VBN435
termination, NN1705
model, NN540
bodies, NNS558
justify, VB196
guided, VBN107
actions, NNS198
violent, JJ99
cease, VB314
satin, NN1518
blow, NN1790
gentleness, NN1543
hint, NN476
rose, VBD259
seems, VBZ23
except, IN43
interested, JJ389
nectarines, NNS541
kingdom, NN178
confined, JJ277
accepted, VBD102
furniture, NN814
acute, JJ664
conversible, JJ445
oddly, RB179
reduced, VBN355
joking, VBG504
shillings, NNS281
veracity, NN974
competition, NN948
hurst, VBD42
table, JJ142
oftener, JJR7
provided, VBN64
legal, JJ428
imputed, VBN105
quitting, VBG47
grantley, NN637
communicate, VB82
found, VBD61
affording, VBG314
on, IN4
oh, VBZ4
of, IN3
discussed, VBN380
informing, VBG343
mutually, RB257
whence, NN1585
stand, VB36
or, CC1
ladies, NNS33
cambridge, NN1438
cambric, NN1767
communication, NN750
jenkinson, NN1095
rising, VBG218
determine, VB174
england, NN21
lastly, VBD211
refinements, NNS100
strictly, RB401
there, EX1
disposed, JJ135
valley, NN1620
energy, NN371
forbade, VBD314
mischief, NN1201
regard, NN263
amongst, VBZ11
promote, VB216
applying, VBG353
preside, VB76
decamping, NN1653
grasp, VB419
strongly, RB78
frighted, VBN462
taste, NN380
frighten, VB383
britain, NN1772
governed, VBN347
deserve, VBP42
roses, NNS292
requested, VBD93
briefly, IN53
winking, VBG496
separate, VB395
contradicted, VBN503
requester, NN662
included, VBD183
unanswerable, JJ563
backward, NN1892
calls, VBZ103
wife, NN7
uglier, RBR5
lamentations, NNS480
apparel, NN1322
tanned, VBN444
all, DT5
lace, NN206
unmoved, VBN353
dish, NN508
follow, VB162
meditation, NN1699
settlement, NN1759
decisions, NNS442
glimpse, NN1418
apartment, NN899
regulars, NNS592
subsided, VBN318
thursday, NN1253
removal, NN587
piqued, VBD81
presentation, NN289
belonging, NN1730
woman, NN40
worse, JJR9
equivocal, JJ707
song, NN377
far, RB99
induce, VB412
sons, NNS427
worst, JJS31
awful, JJ309
treating, VBG216
list, NN548
grandfather, NN1281
undone, NN649
familiarly, RB283
employing, VBG453
ten, JJ76
tea, NN710
rate, NN983
invention, NN1846
design, NN33
what, WP2
hesitation, NN1313
advantageous, JJ390
deeply, RB71
sum, NN1462
eminent, JJ269
multitude, NN1791
christian, JJ885
eligibility, NN866
behaviour, NN171
directions, NNS151
observing, VBG11
graciousness, NN617
extraordinary, JJ20
stiffness, NN269
thankfully, RB126
suddenly, RB29
solitude, NN934
screens, NNS144
impolitic, JJ630
snug, NN1528
proceed, VBP56
denominated, VBN72
horses, NNS116
flat, JJ305
darting, NN1696
knows, VBZ55
draughts, NNS130
known, VBN1
exigence, NN1695
glad, JJ25
presumed, VBN515
unblemished, VBD373
illustrious, JJ883
forbearance, NN1007
ineffectual, JJ861
joints, NNS414
duets, NNS150
imitation, NN541
arise, VBP62
influenced, VBN363
court, NN839
desperation, NN719
acrimony, NN1675
breaking, VBG213
occasionally, RB53
extinguished, VBN369
headstrong, JJ521
handsomer, JJR2
acknowledging, VBG383
weaknesses, NNS201
reflect, VB276
adventure, NN522
replete, JJ694
short, JJ153
chiefly, NN571
departure, NN1170
artful, JJ583
shade, NN743
retaliate, VB386
september, NN1803
essence, NN1245
unite, VB255
avenue, NN697
eluded, VBD27
inquiries, NNS127
style, NN511
pray, NN415
strange, JJ194
might, MD10
alter, VBP48
return, VB37
generously, RB383
insensibility, NN1150
instructions, NNS411
nephews, NNS419
repulsed, VBD217
stiles, NNS123
prettyish, JJ869
residing, NN1795
friendship, NN257
pleasanter, NN601
weight, NN667
needless, JJ304
generation, NN249
colder, NN1366
oppressed, VBD299
duchess, NN842
expect, VB69
inflict, VB401
resentfully, RB30
wondered, VBD156
disquiet, JJ768
candour, NN229
health, NN586
hill, VB210
congenial, JJ705
induced, VBN223
prodigiously, RB388
friday, NN999
forgive, VB89
teach, VB385
thrown, VBN302
alluded, VBN294
introduction, NN104
prejudice, NN1030
circuit, NN1648
consequence, NN184
fallen, VBN172
dine, VB126
shrewish, JJ786
fourthly, RB255
feel, VB114
relate, VBP58
fancy, NN213
entreated, VBD180
feet, NNS351
defects, NNS91
story, NN186
breathless, VBZ88
leading, JJ180
passed, VBD57
finances, NNS581
recovered, VBN134
headache, NN468
attendants, NNS587
treasured, VBD177
statement, NN1237
relieved, JJ418
uncommonly, JJ105
hotel, NN1153
luckily, RB261
fidget, VB534
vindication, NN1539
convinced, VBN59
king, NN201
kind, NN267
double, JJ536
instruction, NN850
doubly, RB328
insulted, VBN510
tongues, NNS342
exert, VB421
suspicious, JJ587
alike, RB245
glen, NN1649
warmly, RB150
imitations, NNS254
finding, VBG89
added, VBD67
reckon, VB296
inconvenience, NN498
reach, NN770
miserly, RB185
enduring, VBG40
nothing, NN129
stately, RB178
windows, NNS244
dissolved, VBN371
saloon, NN1679
coincided, VBN101
eliza, VBN75
lying, VBG101
journeys, NNS423
fond, NN130
inflexibly, RB161
costing, VBG350
palliation, NN1703
deserts, NNS260
abiding, VBG409
betray, VB381
windings, NNS528
his, PRP$1
meditations, NNS439
fancying, VBG41
avarice, VB364
deaden, VB510
him, PRP2
grievances, NNS371
keenest, JJS22
activity, NN478
wrote, VBD131
condescended, VBN179
loveliness, NN1113
art, NN569
mischievously, RB341
invectives, NNS563
intelligence, NN125
defense, NN1046
bare, NN433
are, VBP3
arm, NN695
declined, VBD51
spirited, VBN384
learnt, VBN45
forlorn, VBN493
drooping, VBG420
various, JJ67
deserted, VBN459
numerous, JJ540
corruption, NN1811
lamenting, VBG286
sole, NN1381
succeed, VB318
opposition, NN259
betrayed, VBN365
became, VBD192
overset, VBN394
finds, VBZ89
nettled, VBD339
distress, NN1010
duplicity, NN1262
reasons, NNS326
sweet, JJ152
improper, JJ691
regulated, VBN332
village, NN193
decline, VBP17
overlook, VB448
due, JJ169
whom, WP3
affectionate, JJ444
flight, NN1802
latterly, RB316
imprudence, NN944
precision, NN664
demand, NN1101
heighten, VB277
conception, NN1171
boast, VB152
civility, NN588
expressly, RB243
impassable, JJ831
lodges, NNS418
canvassed, VBN303
disappointing, VBG150
ecstasy, JJ470
ungraciousness, NN1834
rid, JJ317
anguish, NN1707
chestnuts, NNS537
ample, NN423
parading, NN1898
shire, NN896
widely, RB318
esteemed, VBN126
advise, VB147
daughters, NNS5
higher, JJR6
restraint, NN1203
moving, NN397
objecting, VBG169
solemnity, NN823
dancing, NN131
anybody, NN224
dared, VBD188
edge, NN1327
stating, VBG348
abilities, NNS277
endeavour, VB100
scrupulous, JJ24
intervals, NNS256
questions, NNS39
regardless, RB61
meanest, JJS42
tables, NNS143
corroborated, VBD181
speedily, RB251
exhibition, NN517
confederacy, NN1835
complaint, NN1388
sharpened, VBN37
separately, RB292
uproar, JJ523
distrust, NN1151
essential, JJ819
hinted, VBN162
disinclined, VBN468
understood, NN902
selfishness, NN1229
gradually, RB222
anne, NN968
rectitude, NN1204
porridge, NN376
jumps, VBZ21
forsters, NNS564
refused, VBN266
consolation, NN338
cautious, JJ123
mingled, JJ659
range, NN554
militia, JJ222
hatred, NN1673
oakham, VB530
conquest, NN1001
heedless, NN1906
persevering, VBG69
impressed, VBN62
whims, NNS199
acquiesce, VB453
collinses, NNS479
question, NN295
amidst, VBZ86
prettier, JJR4
oddities, NNS296
mountains, NNS389
solidity, NN313
repeatedly, RB144
forbidding, JJ89
junior, NN1446
raising, VBG361
tempered, VBD189
gallantry, NN222
characteristic, JJ150
gratifying, VBG228
called, VBN22
allayed, VBN403
evils, NNS343
employment, NN935
malicious, JJ432
grouped, VBN148
income, NN864
unjustifiable, JJ813
nice, JJ403
dictating, VBG345
perusal, NN1391
meaning, NN102
allowing, VBG130
flirtation, NN1569
rightful, JJ6
suffers, VBZ32
happier, NN1599
reproached, VBD262
vice, NN1469
unaffectedly, RB141
impatient, JJ199
reproaches, NNS446
narrative, NN1452
tete, VB127
weighty, JJ665
once, RB52
resistance, NN407
edw, VBZ110
disposal, NN1377
languages, NNS146
obstinate, VB357
breach, NN779
include, VB370
abode, NN832
confirmation, NN982
wished, VBD19
bedrooms, NNS520
wisher, RB177
wishes, NNS192
drinking, NN1509
indecorum, NN1504
disclaimed, VBD256
notes, NNS554
tenderness, NN531
concluded, VBD212
abominably, RB153
unwearying, JJ409
sensation, NN1637
plead, VB279
abominable, JJ251
ladyship, NN790
universities, NNS233
appeased, VBN512
discontinuance, RB343
waiting, VBG133
concisely, RB373
capital, VBP30
gaily, RB156
degree, NN348
youngest, JJS4
desired, VBD94
explore, VB456
separation, NN757
settling, VBG6
survivor, NN1213
distressed, VBN254
larger, JJR8
shades, NNS622
leaving, VBG98
simpleton, NN344
forbid, VBD203
confession, NN1409
ensign, NN441
apt, JJ129
improbable, JJ559
apply, VB303
use, NN63
lottery, JJ406
stream, NN1625
few, JJ26
examination, NN738
bitterly, RB174
unequally, RB300
sort, NN519
clever, JJ147
inclined, VBN120
overhearings, NNS78
steadfastly, RB236
faultless, RBR4
distractedly, RB276
women, NNS50
topic, NN916
augment, VB442
fortunes, NNS580
anywhere, RB200
performed, VBD133
confidante, NN1808
indulgence, NN674
patron, NN1079
calculation, NN1408
tax, NN620
dependence, NN1223
condescend, VBP46
something, NN55
sir, NN44
counting, VBG299
sit, VB58
nearness, NN1369
parlour, NN490
struggles, NNS376
fortunate, NN135
unquestionably, RB311
netherfield, NN14
struggled, VBD266
maternal, JJ872
attend, VB235
abuse, VB21
unnaturally, RB266
seconding, VBG196
readiness, NN796
fordyce, JJ387
light, JJ188
interrupted, VBN49
fortunately, RB191
supplication, NN1818
honestly, RB68
irregularity, NN1735
parsonage, NN829
beauties, NNS140
sanctioned, VBN263
coolly, RB115
whilst, IN55
dearest, JJS14
looks, NNS286
suiting, VBG38
obeisance, NN1486
superior, JJ146
wilderness, NN1853
permanent, JJ834
restrain, VB422
choose, VBP19
inconsistencies, NNS200
covered, VBN276
bye, NN699
practice, NN1116
commended, VBD215
flew, NN1562
impressing, VBG381
negligent, JJ815
ambition, NN1864
affections, NNS385
successor, NN1211
articles, NNS406
footstool, NN1096
darcy, NN153
pleasures, NNS395
bills, NNS639
unshaken, JJ851
related, VBN51
remove, VB157
disinterestedness, NN1219
indulged, VBD119
out, RP3
respects, NNS307
acknowledgment, NN460
sentiment, NN1048
meryton, NN266
performs, NNS102
attentively, RB307
ponies, NNS227
disclose, VB475
york, NN1134
anyhow, VB482
tenant, NN250
additional, JJ795
conversation, NN175
produce, VB388
hence, NN1546
biting, VBG491
plainly, RB217
hitherto, VBN262
bonnet, NN878
enormity, NN1743
filial, JJ354
missish, JJ886
laughingly, RB154
uniting, VBG510
unknown, JJ226
accent, NN1565
inmate, NN1215
their, PRP$2
misunderstood, VBN434
consoling, VBG306
reflecting, VBG294
july, NN1601
dispelling, VBG312
elope, VB496
objectionable, JJ532
creditors, NNS594
unaccountable, JJ576
sincerity, NN1045
outstrip, VB528
atoned, VBN141
afraid, JJ64
inform, VB334
admittance, NN1783
which, WDT1
divert, VB205
who, WP1
alarmed, VBN106
why, WRB1
discourage, VB221
refreshing, JJ333
retrospections, NNS629
unacknowledged, JJ898
looked, VBD43
neatness, NN1294
ensued, VBD132
mistook, JJ279
chances, NNS280
pleases, VBZ40
precipitance, NN648
artfully, RB248
planning, VBG141
fretfully, RB31
utter, VB292
chicken, NN1072
pleased, JJ60
chanced, VBN433
nearer, RB204
highest, JJS9
disgracing, VBG207
eat, VBN76
local, JJ637
indignant, JJ496
watching, VBG124
flirting, JJ702
ones, NNS240
words, NNS83
spur, NN1545
brain, NN1592
deceives, VBZ80
married, VBD11
compliment, NN219
ascertain, VB103
generations, NNS139
deceived, VBN231
humiliation, NN1482
acquired, VBN63
merits, NNS517
closer, RBR7
closet, NN830
carriage, NN306
genius, JJ200
closed, VBD49
bought, VBN392
combated, VBN310
jot, NN525
opening, VBG51
joy, NN113
embarrassment, NN1141
april, NN1879
grain, NN1812
safely, RB87
grounds, NNS213
walk, NN275
worldly, RB253
respect, NN59
withdrawn, VBN176
unhappiness, NN1534
decent, JJ827
enlarging, VBG433
liverpool, NN1524
general, JJ22
proudest, JJS7
sufficient, JJ65
scrutiny, NN1427
improved, JJ648
repetition, NN1069
painter, NN691
eyelashes, NNS185
unlike, IN37
fearful, JJ343
will, MD4
persevered, VBD147
carelessness, NN641
wild, JJ246
offending, VBG292
thus, RB105
disapprove, NN1107
encouragement, NN342
kissed, VBD365
perhaps, RB16
cross, NN1305
enumeration, NN1323
member, NN1859
retailing, VBG415
exuberance, NN1764
largest, JJS24
gets, VBZ69
privileged, VBD353
grandeur, NN906
difficult, JJ39
slave, NN1216
lobby, NN1634
scrupled, VBD302
correspondent, NN1257
whole, NN127
brooking, VBG498
fighting, VBG469
tithes, NNS315
scruples, NNS208
undertaken, VBN247
realised, VBN418
excessive, JJ252
cried, VBD7
obtain, VB461
recollection, NN746
fishing, NN1651
happiness, NN355
disturbance, NN1398
console, VB265
supply, VB121
hall, NN813
hastening, VBG256
book, NN194
expedite, VB501
usage, NN930
earnestly, RB151
captivating, VBG360
susceptibility, NN1714
know, VB3
presume, NN739
press, VB59
inheriting, VBG165
safest, VB469
perpetual, JJ292
loser, NN1773
overtures, NNS214
james, VBZ13
repressed, VBN350
conclusion, NN1127
wonders, NNS381
exceed, VB518
because, IN35
smoothly, NN1270
searching, VBG484
growth, NN1424
openness, NN260
neglecting, VBG242
lead, VB185
philosopher, NN1589
instantaneous, JJ881
trout, NN1652
curtseyed, VBN338
obey, VB525
conveyed, VBD185
threats, NNS582
carried, VBN129
getting, VBG83
complaisance, NN406
urged, VBD125
prepossessed, VBN436
outstripped, VBD329
individually, RB376
own, JJ21
polished, JJ204
strangeness, NN1197
owe, VBP73
weather, NN492
promise, VB86
faithfully, RB382
preferment, NN1081
intention, NN370
wickedest, JJS47
breeding, NN218
extort, NN459
ensigncy, NN1792
volume, NN715
selfish, JJ46
made, VBD6
whether, IN33
protesting, VBG110
recede, VB524
below, IN41
cake, NN1682
stirring, VBG190
unfolding, VBG395
eagerness, NN1258
begun, VBN79
humbling, VBG391
inadequate, NN1659
horsewoman, NN473
goodness, NN1386
happen, VB209
mutual, JJ408
incredible, JJ240
other, JJ7
sick, NN107
disobliging, VBG284
importuned, VBN507
sloping, NN1290
withstood, NN1895
kinds, NNS470
june, NN1491
shown, VBN110
earthly, JJ726
incurred, VBN463
perfections, NNS325
alienated, VBN233
insipid, JJ906
jewel, NN1899
intentionally, RB264
sleeves, NNS372
sash, JJ860